﻿Column Name,Label
GEO_ID,Geography
NAME,Geographic Area Name
DP04_0001E,Estimate!!HOUSING OCCUPANCY!!Total housing units
DP04_0001EA,Annotation of Estimate!!HOUSING OCCUPANCY!!Total housing units
DP04_0001M,Estimate Margin of Error!!HOUSING OCCUPANCY!!Total housing units
DP04_0001MA,Annotation of Estimate Margin of Error!!HOUSING OCCUPANCY!!Total housing units
DP04_0001PE,Percent!!HOUSING OCCUPANCY!!Total housing units
DP04_0001PEA,Annotation of Percent!!HOUSING OCCUPANCY!!Total housing units
DP04_0001PM,Percent Margin of Error!!HOUSING OCCUPANCY!!Total housing units
DP04_0001PMA,Annotation of Percent Margin of Error!!HOUSING OCCUPANCY!!Total housing units
DP04_0002E,Estimate!!HOUSING OCCUPANCY!!Occupied housing units
DP04_0002M,Estimate Margin of Error!!HOUSING OCCUPANCY!!Occupied housing units
DP04_0002MA,Annotation of Estimate Margin of Error!!HOUSING OCCUPANCY!!Occupied housing units
DP04_0002EA,Annotation of Estimate!!HOUSING OCCUPANCY!!Occupied housing units
DP04_0002PE,Percent!!HOUSING OCCUPANCY!!Occupied housing units
DP04_0002PEA,Annotation of Percent!!HOUSING OCCUPANCY!!Occupied housing units
DP04_0002PM,Percent Margin of Error!!HOUSING OCCUPANCY!!Occupied housing units
DP04_0002PMA,Annotation of Percent Margin of Error!!HOUSING OCCUPANCY!!Occupied housing units
DP04_0003E,Estimate!!HOUSING OCCUPANCY!!Vacant housing units
DP04_0003EA,Annotation of Estimate!!HOUSING OCCUPANCY!!Vacant housing units
DP04_0003M,Estimate Margin of Error!!HOUSING OCCUPANCY!!Vacant housing units
DP04_0003MA,Annotation of Estimate Margin of Error!!HOUSING OCCUPANCY!!Vacant housing units
DP04_0003PE,Percent!!HOUSING OCCUPANCY!!Vacant housing units
DP04_0003PM,Percent Margin of Error!!HOUSING OCCUPANCY!!Vacant housing units
DP04_0003PMA,Annotation of Percent Margin of Error!!HOUSING OCCUPANCY!!Vacant housing units
DP04_0003PEA,Annotation of Percent!!HOUSING OCCUPANCY!!Vacant housing units
DP04_0004E,Estimate!!HOUSING OCCUPANCY!!Homeowner vacancy rate
DP04_0004M,Estimate Margin of Error!!HOUSING OCCUPANCY!!Homeowner vacancy rate
DP04_0004MA,Annotation of Estimate Margin of Error!!HOUSING OCCUPANCY!!Homeowner vacancy rate
DP04_0004EA,Annotation of Estimate!!HOUSING OCCUPANCY!!Homeowner vacancy rate
DP04_0004PE,Percent!!HOUSING OCCUPANCY!!Homeowner vacancy rate
DP04_0004PM,Percent Margin of Error!!HOUSING OCCUPANCY!!Homeowner vacancy rate
DP04_0004PMA,Annotation of Percent Margin of Error!!HOUSING OCCUPANCY!!Homeowner vacancy rate
DP04_0004PEA,Annotation of Percent!!HOUSING OCCUPANCY!!Homeowner vacancy rate
DP04_0005E,Estimate!!HOUSING OCCUPANCY!!Rental vacancy rate
DP04_0005EA,Annotation of Estimate!!HOUSING OCCUPANCY!!Rental vacancy rate
DP04_0005M,Estimate Margin of Error!!HOUSING OCCUPANCY!!Rental vacancy rate
DP04_0005MA,Annotation of Estimate Margin of Error!!HOUSING OCCUPANCY!!Rental vacancy rate
DP04_0005PE,Percent!!HOUSING OCCUPANCY!!Rental vacancy rate
DP04_0005PEA,Annotation of Percent!!HOUSING OCCUPANCY!!Rental vacancy rate
DP04_0005PM,Percent Margin of Error!!HOUSING OCCUPANCY!!Rental vacancy rate
DP04_0005PMA,Annotation of Percent Margin of Error!!HOUSING OCCUPANCY!!Rental vacancy rate
DP04_0006E,Estimate!!UNITS IN STRUCTURE!!Total housing units
DP04_0006M,Estimate Margin of Error!!UNITS IN STRUCTURE!!Total housing units
DP04_0006MA,Annotation of Estimate Margin of Error!!UNITS IN STRUCTURE!!Total housing units
DP04_0006EA,Annotation of Estimate!!UNITS IN STRUCTURE!!Total housing units
DP04_0006PE,Percent!!UNITS IN STRUCTURE!!Total housing units
DP04_0006PM,Percent Margin of Error!!UNITS IN STRUCTURE!!Total housing units
DP04_0006PMA,Annotation of Percent Margin of Error!!UNITS IN STRUCTURE!!Total housing units
DP04_0006PEA,Annotation of Percent!!UNITS IN STRUCTURE!!Total housing units
DP04_0007E,"Estimate!!UNITS IN STRUCTURE!!1-unit, detached"
DP04_0007M,"Estimate Margin of Error!!UNITS IN STRUCTURE!!1-unit, detached"
DP04_0007MA,"Annotation of Estimate Margin of Error!!UNITS IN STRUCTURE!!1-unit, detached"
DP04_0007EA,"Annotation of Estimate!!UNITS IN STRUCTURE!!1-unit, detached"
DP04_0007PE,"Percent!!UNITS IN STRUCTURE!!1-unit, detached"
DP04_0007PM,"Percent Margin of Error!!UNITS IN STRUCTURE!!1-unit, detached"
DP04_0007PMA,"Annotation of Percent Margin of Error!!UNITS IN STRUCTURE!!1-unit, detached"
DP04_0007PEA,"Annotation of Percent!!UNITS IN STRUCTURE!!1-unit, detached"
DP04_0008E,"Estimate!!UNITS IN STRUCTURE!!1-unit, attached"
DP04_0008EA,"Annotation of Estimate!!UNITS IN STRUCTURE!!1-unit, attached"
DP04_0008M,"Estimate Margin of Error!!UNITS IN STRUCTURE!!1-unit, attached"
DP04_0008MA,"Annotation of Estimate Margin of Error!!UNITS IN STRUCTURE!!1-unit, attached"
DP04_0008PE,"Percent!!UNITS IN STRUCTURE!!1-unit, attached"
DP04_0008PEA,"Annotation of Percent!!UNITS IN STRUCTURE!!1-unit, attached"
DP04_0008PM,"Percent Margin of Error!!UNITS IN STRUCTURE!!1-unit, attached"
DP04_0008PMA,"Annotation of Percent Margin of Error!!UNITS IN STRUCTURE!!1-unit, attached"
DP04_0009E,Estimate!!UNITS IN STRUCTURE!!2 units
DP04_0009M,Estimate Margin of Error!!UNITS IN STRUCTURE!!2 units
DP04_0009MA,Annotation of Estimate Margin of Error!!UNITS IN STRUCTURE!!2 units
DP04_0009EA,Annotation of Estimate!!UNITS IN STRUCTURE!!2 units
DP04_0009PE,Percent!!UNITS IN STRUCTURE!!2 units
DP04_0009PM,Percent Margin of Error!!UNITS IN STRUCTURE!!2 units
DP04_0009PMA,Annotation of Percent Margin of Error!!UNITS IN STRUCTURE!!2 units
DP04_0009PEA,Annotation of Percent!!UNITS IN STRUCTURE!!2 units
DP04_0010E,Estimate!!UNITS IN STRUCTURE!!3 or 4 units
DP04_0010EA,Annotation of Estimate!!UNITS IN STRUCTURE!!3 or 4 units
DP04_0010M,Estimate Margin of Error!!UNITS IN STRUCTURE!!3 or 4 units
DP04_0010MA,Annotation of Estimate Margin of Error!!UNITS IN STRUCTURE!!3 or 4 units
DP04_0010PE,Percent!!UNITS IN STRUCTURE!!3 or 4 units
DP04_0010PEA,Annotation of Percent!!UNITS IN STRUCTURE!!3 or 4 units
DP04_0010PM,Percent Margin of Error!!UNITS IN STRUCTURE!!3 or 4 units
DP04_0010PMA,Annotation of Percent Margin of Error!!UNITS IN STRUCTURE!!3 or 4 units
DP04_0011E,Estimate!!UNITS IN STRUCTURE!!5 to 9 units
DP04_0011M,Estimate Margin of Error!!UNITS IN STRUCTURE!!5 to 9 units
DP04_0011MA,Annotation of Estimate Margin of Error!!UNITS IN STRUCTURE!!5 to 9 units
DP04_0011EA,Annotation of Estimate!!UNITS IN STRUCTURE!!5 to 9 units
DP04_0011PE,Percent!!UNITS IN STRUCTURE!!5 to 9 units
DP04_0011PM,Percent Margin of Error!!UNITS IN STRUCTURE!!5 to 9 units
DP04_0011PMA,Annotation of Percent Margin of Error!!UNITS IN STRUCTURE!!5 to 9 units
DP04_0011PEA,Annotation of Percent!!UNITS IN STRUCTURE!!5 to 9 units
DP04_0012E,Estimate!!UNITS IN STRUCTURE!!10 to 19 units
DP04_0012M,Estimate Margin of Error!!UNITS IN STRUCTURE!!10 to 19 units
DP04_0012MA,Annotation of Estimate Margin of Error!!UNITS IN STRUCTURE!!10 to 19 units
DP04_0012EA,Annotation of Estimate!!UNITS IN STRUCTURE!!10 to 19 units
DP04_0012PE,Percent!!UNITS IN STRUCTURE!!10 to 19 units
DP04_0012PEA,Annotation of Percent!!UNITS IN STRUCTURE!!10 to 19 units
DP04_0012PM,Percent Margin of Error!!UNITS IN STRUCTURE!!10 to 19 units
DP04_0012PMA,Annotation of Percent Margin of Error!!UNITS IN STRUCTURE!!10 to 19 units
DP04_0013E,Estimate!!UNITS IN STRUCTURE!!20 or more units
DP04_0013M,Estimate Margin of Error!!UNITS IN STRUCTURE!!20 or more units
DP04_0013MA,Annotation of Estimate Margin of Error!!UNITS IN STRUCTURE!!20 or more units
DP04_0013EA,Annotation of Estimate!!UNITS IN STRUCTURE!!20 or more units
DP04_0013PE,Percent!!UNITS IN STRUCTURE!!20 or more units
DP04_0013PEA,Annotation of Percent!!UNITS IN STRUCTURE!!20 or more units
DP04_0013PM,Percent Margin of Error!!UNITS IN STRUCTURE!!20 or more units
DP04_0013PMA,Annotation of Percent Margin of Error!!UNITS IN STRUCTURE!!20 or more units
DP04_0014E,Estimate!!UNITS IN STRUCTURE!!Mobile home
DP04_0014EA,Annotation of Estimate!!UNITS IN STRUCTURE!!Mobile home
DP04_0014M,Estimate Margin of Error!!UNITS IN STRUCTURE!!Mobile home
DP04_0014MA,Annotation of Estimate Margin of Error!!UNITS IN STRUCTURE!!Mobile home
DP04_0014PE,Percent!!UNITS IN STRUCTURE!!Mobile home
DP04_0014PM,Percent Margin of Error!!UNITS IN STRUCTURE!!Mobile home
DP04_0014PMA,Annotation of Percent Margin of Error!!UNITS IN STRUCTURE!!Mobile home
DP04_0014PEA,Annotation of Percent!!UNITS IN STRUCTURE!!Mobile home
DP04_0015E,"Estimate!!UNITS IN STRUCTURE!!Boat, RV, van, etc."
DP04_0015EA,"Annotation of Estimate!!UNITS IN STRUCTURE!!Boat, RV, van, etc."
DP04_0015M,"Estimate Margin of Error!!UNITS IN STRUCTURE!!Boat, RV, van, etc."
DP04_0015MA,"Annotation of Estimate Margin of Error!!UNITS IN STRUCTURE!!Boat, RV, van, etc."
DP04_0015PE,"Percent!!UNITS IN STRUCTURE!!Boat, RV, van, etc."
DP04_0015PEA,"Annotation of Percent!!UNITS IN STRUCTURE!!Boat, RV, van, etc."
DP04_0015PM,"Percent Margin of Error!!UNITS IN STRUCTURE!!Boat, RV, van, etc."
DP04_0015PMA,"Annotation of Percent Margin of Error!!UNITS IN STRUCTURE!!Boat, RV, van, etc."
DP04_0016E,Estimate!!YEAR STRUCTURE BUILT!!Total housing units
DP04_0016EA,Annotation of Estimate!!YEAR STRUCTURE BUILT!!Total housing units
DP04_0016M,Estimate Margin of Error!!YEAR STRUCTURE BUILT!!Total housing units
DP04_0016MA,Annotation of Estimate Margin of Error!!YEAR STRUCTURE BUILT!!Total housing units
DP04_0016PE,Percent!!YEAR STRUCTURE BUILT!!Total housing units
DP04_0016PM,Percent Margin of Error!!YEAR STRUCTURE BUILT!!Total housing units
DP04_0016PMA,Annotation of Percent Margin of Error!!YEAR STRUCTURE BUILT!!Total housing units
DP04_0016PEA,Annotation of Percent!!YEAR STRUCTURE BUILT!!Total housing units
DP04_0017E,Estimate!!YEAR STRUCTURE BUILT!!Built 2005 or later
DP04_0017M,Estimate Margin of Error!!YEAR STRUCTURE BUILT!!Built 2005 or later
DP04_0017MA,Annotation of Estimate Margin of Error!!YEAR STRUCTURE BUILT!!Built 2005 or later
DP04_0017EA,Annotation of Estimate!!YEAR STRUCTURE BUILT!!Built 2005 or later
DP04_0017PE,Percent!!YEAR STRUCTURE BUILT!!Built 2005 or later
DP04_0017PEA,Annotation of Percent!!YEAR STRUCTURE BUILT!!Built 2005 or later
DP04_0017PM,Percent Margin of Error!!YEAR STRUCTURE BUILT!!Built 2005 or later
DP04_0017PMA,Annotation of Percent Margin of Error!!YEAR STRUCTURE BUILT!!Built 2005 or later
DP04_0018E,Estimate!!YEAR STRUCTURE BUILT!!Built 2000 to 2004
DP04_0018EA,Annotation of Estimate!!YEAR STRUCTURE BUILT!!Built 2000 to 2004
DP04_0018M,Estimate Margin of Error!!YEAR STRUCTURE BUILT!!Built 2000 to 2004
DP04_0018MA,Annotation of Estimate Margin of Error!!YEAR STRUCTURE BUILT!!Built 2000 to 2004
DP04_0018PE,Percent!!YEAR STRUCTURE BUILT!!Built 2000 to 2004
DP04_0018PM,Percent Margin of Error!!YEAR STRUCTURE BUILT!!Built 2000 to 2004
DP04_0018PMA,Annotation of Percent Margin of Error!!YEAR STRUCTURE BUILT!!Built 2000 to 2004
DP04_0018PEA,Annotation of Percent!!YEAR STRUCTURE BUILT!!Built 2000 to 2004
DP04_0019E,Estimate!!YEAR STRUCTURE BUILT!!Built 1990 to 1999
DP04_0019EA,Annotation of Estimate!!YEAR STRUCTURE BUILT!!Built 1990 to 1999
DP04_0019M,Estimate Margin of Error!!YEAR STRUCTURE BUILT!!Built 1990 to 1999
DP04_0019MA,Annotation of Estimate Margin of Error!!YEAR STRUCTURE BUILT!!Built 1990 to 1999
DP04_0019PE,Percent!!YEAR STRUCTURE BUILT!!Built 1990 to 1999
DP04_0019PEA,Annotation of Percent!!YEAR STRUCTURE BUILT!!Built 1990 to 1999
DP04_0019PM,Percent Margin of Error!!YEAR STRUCTURE BUILT!!Built 1990 to 1999
DP04_0019PMA,Annotation of Percent Margin of Error!!YEAR STRUCTURE BUILT!!Built 1990 to 1999
DP04_0020E,Estimate!!YEAR STRUCTURE BUILT!!Built 1980 to 1989
DP04_0020M,Estimate Margin of Error!!YEAR STRUCTURE BUILT!!Built 1980 to 1989
DP04_0020MA,Annotation of Estimate Margin of Error!!YEAR STRUCTURE BUILT!!Built 1980 to 1989
DP04_0020EA,Annotation of Estimate!!YEAR STRUCTURE BUILT!!Built 1980 to 1989
DP04_0020PE,Percent!!YEAR STRUCTURE BUILT!!Built 1980 to 1989
DP04_0020PEA,Annotation of Percent!!YEAR STRUCTURE BUILT!!Built 1980 to 1989
DP04_0020PM,Percent Margin of Error!!YEAR STRUCTURE BUILT!!Built 1980 to 1989
DP04_0020PMA,Annotation of Percent Margin of Error!!YEAR STRUCTURE BUILT!!Built 1980 to 1989
DP04_0021E,Estimate!!YEAR STRUCTURE BUILT!!Built 1970 to 1979
DP04_0021EA,Annotation of Estimate!!YEAR STRUCTURE BUILT!!Built 1970 to 1979
DP04_0021M,Estimate Margin of Error!!YEAR STRUCTURE BUILT!!Built 1970 to 1979
DP04_0021MA,Annotation of Estimate Margin of Error!!YEAR STRUCTURE BUILT!!Built 1970 to 1979
DP04_0021PE,Percent!!YEAR STRUCTURE BUILT!!Built 1970 to 1979
DP04_0021PEA,Annotation of Percent!!YEAR STRUCTURE BUILT!!Built 1970 to 1979
DP04_0021PM,Percent Margin of Error!!YEAR STRUCTURE BUILT!!Built 1970 to 1979
DP04_0021PMA,Annotation of Percent Margin of Error!!YEAR STRUCTURE BUILT!!Built 1970 to 1979
DP04_0022E,Estimate!!YEAR STRUCTURE BUILT!!Built 1960 to 1969
DP04_0022EA,Annotation of Estimate!!YEAR STRUCTURE BUILT!!Built 1960 to 1969
DP04_0022M,Estimate Margin of Error!!YEAR STRUCTURE BUILT!!Built 1960 to 1969
DP04_0022MA,Annotation of Estimate Margin of Error!!YEAR STRUCTURE BUILT!!Built 1960 to 1969
DP04_0022PE,Percent!!YEAR STRUCTURE BUILT!!Built 1960 to 1969
DP04_0022PEA,Annotation of Percent!!YEAR STRUCTURE BUILT!!Built 1960 to 1969
DP04_0022PM,Percent Margin of Error!!YEAR STRUCTURE BUILT!!Built 1960 to 1969
DP04_0022PMA,Annotation of Percent Margin of Error!!YEAR STRUCTURE BUILT!!Built 1960 to 1969
DP04_0023E,Estimate!!YEAR STRUCTURE BUILT!!Built 1950 to 1959
DP04_0023EA,Annotation of Estimate!!YEAR STRUCTURE BUILT!!Built 1950 to 1959
DP04_0023M,Estimate Margin of Error!!YEAR STRUCTURE BUILT!!Built 1950 to 1959
DP04_0023MA,Annotation of Estimate Margin of Error!!YEAR STRUCTURE BUILT!!Built 1950 to 1959
DP04_0023PE,Percent!!YEAR STRUCTURE BUILT!!Built 1950 to 1959
DP04_0023PEA,Annotation of Percent!!YEAR STRUCTURE BUILT!!Built 1950 to 1959
DP04_0023PM,Percent Margin of Error!!YEAR STRUCTURE BUILT!!Built 1950 to 1959
DP04_0023PMA,Annotation of Percent Margin of Error!!YEAR STRUCTURE BUILT!!Built 1950 to 1959
DP04_0024E,Estimate!!YEAR STRUCTURE BUILT!!Built 1940 to 1949
DP04_0024M,Estimate Margin of Error!!YEAR STRUCTURE BUILT!!Built 1940 to 1949
DP04_0024MA,Annotation of Estimate Margin of Error!!YEAR STRUCTURE BUILT!!Built 1940 to 1949
DP04_0024EA,Annotation of Estimate!!YEAR STRUCTURE BUILT!!Built 1940 to 1949
DP04_0024PE,Percent!!YEAR STRUCTURE BUILT!!Built 1940 to 1949
DP04_0024PEA,Annotation of Percent!!YEAR STRUCTURE BUILT!!Built 1940 to 1949
DP04_0024PM,Percent Margin of Error!!YEAR STRUCTURE BUILT!!Built 1940 to 1949
DP04_0024PMA,Annotation of Percent Margin of Error!!YEAR STRUCTURE BUILT!!Built 1940 to 1949
DP04_0025E,Estimate!!YEAR STRUCTURE BUILT!!Built 1939 or earlier
DP04_0025EA,Annotation of Estimate!!YEAR STRUCTURE BUILT!!Built 1939 or earlier
DP04_0025M,Estimate Margin of Error!!YEAR STRUCTURE BUILT!!Built 1939 or earlier
DP04_0025MA,Annotation of Estimate Margin of Error!!YEAR STRUCTURE BUILT!!Built 1939 or earlier
DP04_0025PE,Percent!!YEAR STRUCTURE BUILT!!Built 1939 or earlier
DP04_0025PM,Percent Margin of Error!!YEAR STRUCTURE BUILT!!Built 1939 or earlier
DP04_0025PMA,Annotation of Percent Margin of Error!!YEAR STRUCTURE BUILT!!Built 1939 or earlier
DP04_0025PEA,Annotation of Percent!!YEAR STRUCTURE BUILT!!Built 1939 or earlier
DP04_0026E,Estimate!!ROOMS!!Total housing units
DP04_0026EA,Annotation of Estimate!!ROOMS!!Total housing units
DP04_0026M,Estimate Margin of Error!!ROOMS!!Total housing units
DP04_0026MA,Annotation of Estimate Margin of Error!!ROOMS!!Total housing units
DP04_0026PE,Percent!!ROOMS!!Total housing units
DP04_0026PEA,Annotation of Percent!!ROOMS!!Total housing units
DP04_0026PM,Percent Margin of Error!!ROOMS!!Total housing units
DP04_0026PMA,Annotation of Percent Margin of Error!!ROOMS!!Total housing units
DP04_0027E,Estimate!!ROOMS!!1 room
DP04_0027EA,Annotation of Estimate!!ROOMS!!1 room
DP04_0027M,Estimate Margin of Error!!ROOMS!!1 room
DP04_0027MA,Annotation of Estimate Margin of Error!!ROOMS!!1 room
DP04_0027PE,Percent!!ROOMS!!1 room
DP04_0027PEA,Annotation of Percent!!ROOMS!!1 room
DP04_0027PM,Percent Margin of Error!!ROOMS!!1 room
DP04_0027PMA,Annotation of Percent Margin of Error!!ROOMS!!1 room
DP04_0028E,Estimate!!ROOMS!!2 rooms
DP04_0028M,Estimate Margin of Error!!ROOMS!!2 rooms
DP04_0028MA,Annotation of Estimate Margin of Error!!ROOMS!!2 rooms
DP04_0028EA,Annotation of Estimate!!ROOMS!!2 rooms
DP04_0028PE,Percent!!ROOMS!!2 rooms
DP04_0028PM,Percent Margin of Error!!ROOMS!!2 rooms
DP04_0028PMA,Annotation of Percent Margin of Error!!ROOMS!!2 rooms
DP04_0028PEA,Annotation of Percent!!ROOMS!!2 rooms
DP04_0029E,Estimate!!ROOMS!!3 rooms
DP04_0029EA,Annotation of Estimate!!ROOMS!!3 rooms
DP04_0029M,Estimate Margin of Error!!ROOMS!!3 rooms
DP04_0029MA,Annotation of Estimate Margin of Error!!ROOMS!!3 rooms
DP04_0029PE,Percent!!ROOMS!!3 rooms
DP04_0029PM,Percent Margin of Error!!ROOMS!!3 rooms
DP04_0029PMA,Annotation of Percent Margin of Error!!ROOMS!!3 rooms
DP04_0029PEA,Annotation of Percent!!ROOMS!!3 rooms
DP04_0030E,Estimate!!ROOMS!!4 rooms
DP04_0030EA,Annotation of Estimate!!ROOMS!!4 rooms
DP04_0030M,Estimate Margin of Error!!ROOMS!!4 rooms
DP04_0030MA,Annotation of Estimate Margin of Error!!ROOMS!!4 rooms
DP04_0030PE,Percent!!ROOMS!!4 rooms
DP04_0030PEA,Annotation of Percent!!ROOMS!!4 rooms
DP04_0030PM,Percent Margin of Error!!ROOMS!!4 rooms
DP04_0030PMA,Annotation of Percent Margin of Error!!ROOMS!!4 rooms
DP04_0031E,Estimate!!ROOMS!!5 rooms
DP04_0031M,Estimate Margin of Error!!ROOMS!!5 rooms
DP04_0031MA,Annotation of Estimate Margin of Error!!ROOMS!!5 rooms
DP04_0031EA,Annotation of Estimate!!ROOMS!!5 rooms
DP04_0031PE,Percent!!ROOMS!!5 rooms
DP04_0031PM,Percent Margin of Error!!ROOMS!!5 rooms
DP04_0031PMA,Annotation of Percent Margin of Error!!ROOMS!!5 rooms
DP04_0031PEA,Annotation of Percent!!ROOMS!!5 rooms
DP04_0032E,Estimate!!ROOMS!!6 rooms
DP04_0032M,Estimate Margin of Error!!ROOMS!!6 rooms
DP04_0032MA,Annotation of Estimate Margin of Error!!ROOMS!!6 rooms
DP04_0032EA,Annotation of Estimate!!ROOMS!!6 rooms
DP04_0032PE,Percent!!ROOMS!!6 rooms
DP04_0032PEA,Annotation of Percent!!ROOMS!!6 rooms
DP04_0032PM,Percent Margin of Error!!ROOMS!!6 rooms
DP04_0032PMA,Annotation of Percent Margin of Error!!ROOMS!!6 rooms
DP04_0033E,Estimate!!ROOMS!!7 rooms
DP04_0033EA,Annotation of Estimate!!ROOMS!!7 rooms
DP04_0033M,Estimate Margin of Error!!ROOMS!!7 rooms
DP04_0033MA,Annotation of Estimate Margin of Error!!ROOMS!!7 rooms
DP04_0033PE,Percent!!ROOMS!!7 rooms
DP04_0033PM,Percent Margin of Error!!ROOMS!!7 rooms
DP04_0033PMA,Annotation of Percent Margin of Error!!ROOMS!!7 rooms
DP04_0033PEA,Annotation of Percent!!ROOMS!!7 rooms
DP04_0034E,Estimate!!ROOMS!!8 rooms
DP04_0034M,Estimate Margin of Error!!ROOMS!!8 rooms
DP04_0034MA,Annotation of Estimate Margin of Error!!ROOMS!!8 rooms
DP04_0034EA,Annotation of Estimate!!ROOMS!!8 rooms
DP04_0034PE,Percent!!ROOMS!!8 rooms
DP04_0034PEA,Annotation of Percent!!ROOMS!!8 rooms
DP04_0034PM,Percent Margin of Error!!ROOMS!!8 rooms
DP04_0034PMA,Annotation of Percent Margin of Error!!ROOMS!!8 rooms
DP04_0035E,Estimate!!ROOMS!!9 rooms or more
DP04_0035M,Estimate Margin of Error!!ROOMS!!9 rooms or more
DP04_0035MA,Annotation of Estimate Margin of Error!!ROOMS!!9 rooms or more
DP04_0035EA,Annotation of Estimate!!ROOMS!!9 rooms or more
DP04_0035PE,Percent!!ROOMS!!9 rooms or more
DP04_0035PEA,Annotation of Percent!!ROOMS!!9 rooms or more
DP04_0035PM,Percent Margin of Error!!ROOMS!!9 rooms or more
DP04_0035PMA,Annotation of Percent Margin of Error!!ROOMS!!9 rooms or more
DP04_0036E,Estimate!!ROOMS!!Median rooms
DP04_0036EA,Annotation of Estimate!!ROOMS!!Median rooms
DP04_0036M,Estimate Margin of Error!!ROOMS!!Median rooms
DP04_0036MA,Annotation of Estimate Margin of Error!!ROOMS!!Median rooms
DP04_0036PE,Percent!!ROOMS!!Median rooms
DP04_0036PM,Percent Margin of Error!!ROOMS!!Median rooms
DP04_0036PMA,Annotation of Percent Margin of Error!!ROOMS!!Median rooms
DP04_0036PEA,Annotation of Percent!!ROOMS!!Median rooms
DP04_0037E,Estimate!!BEDROOMS!!Total housing units
DP04_0037M,Estimate Margin of Error!!BEDROOMS!!Total housing units
DP04_0037MA,Annotation of Estimate Margin of Error!!BEDROOMS!!Total housing units
DP04_0037EA,Annotation of Estimate!!BEDROOMS!!Total housing units
DP04_0037PE,Percent!!BEDROOMS!!Total housing units
DP04_0037PEA,Annotation of Percent!!BEDROOMS!!Total housing units
DP04_0037PM,Percent Margin of Error!!BEDROOMS!!Total housing units
DP04_0037PMA,Annotation of Percent Margin of Error!!BEDROOMS!!Total housing units
DP04_0038E,Estimate!!BEDROOMS!!No bedroom
DP04_0038EA,Annotation of Estimate!!BEDROOMS!!No bedroom
DP04_0038M,Estimate Margin of Error!!BEDROOMS!!No bedroom
DP04_0038MA,Annotation of Estimate Margin of Error!!BEDROOMS!!No bedroom
DP04_0038PE,Percent!!BEDROOMS!!No bedroom
DP04_0038PM,Percent Margin of Error!!BEDROOMS!!No bedroom
DP04_0038PMA,Annotation of Percent Margin of Error!!BEDROOMS!!No bedroom
DP04_0038PEA,Annotation of Percent!!BEDROOMS!!No bedroom
DP04_0039E,Estimate!!BEDROOMS!!1 bedroom
DP04_0039M,Estimate Margin of Error!!BEDROOMS!!1 bedroom
DP04_0039MA,Annotation of Estimate Margin of Error!!BEDROOMS!!1 bedroom
DP04_0039EA,Annotation of Estimate!!BEDROOMS!!1 bedroom
DP04_0039PE,Percent!!BEDROOMS!!1 bedroom
DP04_0039PM,Percent Margin of Error!!BEDROOMS!!1 bedroom
DP04_0039PMA,Annotation of Percent Margin of Error!!BEDROOMS!!1 bedroom
DP04_0039PEA,Annotation of Percent!!BEDROOMS!!1 bedroom
DP04_0040E,Estimate!!BEDROOMS!!2 bedrooms
DP04_0040EA,Annotation of Estimate!!BEDROOMS!!2 bedrooms
DP04_0040M,Estimate Margin of Error!!BEDROOMS!!2 bedrooms
DP04_0040MA,Annotation of Estimate Margin of Error!!BEDROOMS!!2 bedrooms
DP04_0040PE,Percent!!BEDROOMS!!2 bedrooms
DP04_0040PM,Percent Margin of Error!!BEDROOMS!!2 bedrooms
DP04_0040PMA,Annotation of Percent Margin of Error!!BEDROOMS!!2 bedrooms
DP04_0040PEA,Annotation of Percent!!BEDROOMS!!2 bedrooms
DP04_0041E,Estimate!!BEDROOMS!!3 bedrooms
DP04_0041EA,Annotation of Estimate!!BEDROOMS!!3 bedrooms
DP04_0041M,Estimate Margin of Error!!BEDROOMS!!3 bedrooms
DP04_0041MA,Annotation of Estimate Margin of Error!!BEDROOMS!!3 bedrooms
DP04_0041PE,Percent!!BEDROOMS!!3 bedrooms
DP04_0041PEA,Annotation of Percent!!BEDROOMS!!3 bedrooms
DP04_0041PM,Percent Margin of Error!!BEDROOMS!!3 bedrooms
DP04_0041PMA,Annotation of Percent Margin of Error!!BEDROOMS!!3 bedrooms
DP04_0042E,Estimate!!BEDROOMS!!4 bedrooms
DP04_0042M,Estimate Margin of Error!!BEDROOMS!!4 bedrooms
DP04_0042MA,Annotation of Estimate Margin of Error!!BEDROOMS!!4 bedrooms
DP04_0042EA,Annotation of Estimate!!BEDROOMS!!4 bedrooms
DP04_0042PE,Percent!!BEDROOMS!!4 bedrooms
DP04_0042PEA,Annotation of Percent!!BEDROOMS!!4 bedrooms
DP04_0042PM,Percent Margin of Error!!BEDROOMS!!4 bedrooms
DP04_0042PMA,Annotation of Percent Margin of Error!!BEDROOMS!!4 bedrooms
DP04_0043E,Estimate!!BEDROOMS!!5 or more bedrooms
DP04_0043EA,Annotation of Estimate!!BEDROOMS!!5 or more bedrooms
DP04_0043M,Estimate Margin of Error!!BEDROOMS!!5 or more bedrooms
DP04_0043MA,Annotation of Estimate Margin of Error!!BEDROOMS!!5 or more bedrooms
DP04_0043PE,Percent!!BEDROOMS!!5 or more bedrooms
DP04_0043PEA,Annotation of Percent!!BEDROOMS!!5 or more bedrooms
DP04_0043PM,Percent Margin of Error!!BEDROOMS!!5 or more bedrooms
DP04_0043PMA,Annotation of Percent Margin of Error!!BEDROOMS!!5 or more bedrooms
DP04_0044E,Estimate!!HOUSING TENURE!!Occupied housing units
DP04_0044M,Estimate Margin of Error!!HOUSING TENURE!!Occupied housing units
DP04_0044MA,Annotation of Estimate Margin of Error!!HOUSING TENURE!!Occupied housing units
DP04_0044EA,Annotation of Estimate!!HOUSING TENURE!!Occupied housing units
DP04_0044PE,Percent!!HOUSING TENURE!!Occupied housing units
DP04_0044PM,Percent Margin of Error!!HOUSING TENURE!!Occupied housing units
DP04_0044PMA,Annotation of Percent Margin of Error!!HOUSING TENURE!!Occupied housing units
DP04_0044PEA,Annotation of Percent!!HOUSING TENURE!!Occupied housing units
DP04_0045E,Estimate!!HOUSING TENURE!!Owner-occupied
DP04_0045EA,Annotation of Estimate!!HOUSING TENURE!!Owner-occupied
DP04_0045M,Estimate Margin of Error!!HOUSING TENURE!!Owner-occupied
DP04_0045MA,Annotation of Estimate Margin of Error!!HOUSING TENURE!!Owner-occupied
DP04_0045PE,Percent!!HOUSING TENURE!!Owner-occupied
DP04_0045PEA,Annotation of Percent!!HOUSING TENURE!!Owner-occupied
DP04_0045PM,Percent Margin of Error!!HOUSING TENURE!!Owner-occupied
DP04_0045PMA,Annotation of Percent Margin of Error!!HOUSING TENURE!!Owner-occupied
DP04_0046E,Estimate!!HOUSING TENURE!!Renter-occupied
DP04_0046M,Estimate Margin of Error!!HOUSING TENURE!!Renter-occupied
DP04_0046MA,Annotation of Estimate Margin of Error!!HOUSING TENURE!!Renter-occupied
DP04_0046EA,Annotation of Estimate!!HOUSING TENURE!!Renter-occupied
DP04_0046PE,Percent!!HOUSING TENURE!!Renter-occupied
DP04_0046PEA,Annotation of Percent!!HOUSING TENURE!!Renter-occupied
DP04_0046PM,Percent Margin of Error!!HOUSING TENURE!!Renter-occupied
DP04_0046PMA,Annotation of Percent Margin of Error!!HOUSING TENURE!!Renter-occupied
DP04_0047E,Estimate!!HOUSING TENURE!!Average household size of owner-occupied unit
DP04_0047EA,Annotation of Estimate!!HOUSING TENURE!!Average household size of owner-occupied unit
DP04_0047M,Estimate Margin of Error!!HOUSING TENURE!!Average household size of owner-occupied unit
DP04_0047MA,Annotation of Estimate Margin of Error!!HOUSING TENURE!!Average household size of owner-occupied unit
DP04_0047PE,Percent!!HOUSING TENURE!!Average household size of owner-occupied unit
DP04_0047PM,Percent Margin of Error!!HOUSING TENURE!!Average household size of owner-occupied unit
DP04_0047PMA,Annotation of Percent Margin of Error!!HOUSING TENURE!!Average household size of owner-occupied unit
DP04_0047PEA,Annotation of Percent!!HOUSING TENURE!!Average household size of owner-occupied unit
DP04_0048E,Estimate!!HOUSING TENURE!!Average household size of renter-occupied unit
DP04_0048EA,Annotation of Estimate!!HOUSING TENURE!!Average household size of renter-occupied unit
DP04_0048M,Estimate Margin of Error!!HOUSING TENURE!!Average household size of renter-occupied unit
DP04_0048MA,Annotation of Estimate Margin of Error!!HOUSING TENURE!!Average household size of renter-occupied unit
DP04_0048PE,Percent!!HOUSING TENURE!!Average household size of renter-occupied unit
DP04_0048PEA,Annotation of Percent!!HOUSING TENURE!!Average household size of renter-occupied unit
DP04_0048PM,Percent Margin of Error!!HOUSING TENURE!!Average household size of renter-occupied unit
DP04_0048PMA,Annotation of Percent Margin of Error!!HOUSING TENURE!!Average household size of renter-occupied unit
DP04_0049E,Estimate!!YEAR HOUSEHOLDER MOVED INTO UNIT!!Occupied housing units
DP04_0049EA,Annotation of Estimate!!YEAR HOUSEHOLDER MOVED INTO UNIT!!Occupied housing units
DP04_0049M,Estimate Margin of Error!!YEAR HOUSEHOLDER MOVED INTO UNIT!!Occupied housing units
DP04_0049MA,Annotation of Estimate Margin of Error!!YEAR HOUSEHOLDER MOVED INTO UNIT!!Occupied housing units
DP04_0049PE,Percent!!YEAR HOUSEHOLDER MOVED INTO UNIT!!Occupied housing units
DP04_0049PEA,Annotation of Percent!!YEAR HOUSEHOLDER MOVED INTO UNIT!!Occupied housing units
DP04_0049PM,Percent Margin of Error!!YEAR HOUSEHOLDER MOVED INTO UNIT!!Occupied housing units
DP04_0049PMA,Annotation of Percent Margin of Error!!YEAR HOUSEHOLDER MOVED INTO UNIT!!Occupied housing units
DP04_0050E,Estimate!!YEAR HOUSEHOLDER MOVED INTO UNIT!!Moved in 2005 or later
DP04_0050EA,Annotation of Estimate!!YEAR HOUSEHOLDER MOVED INTO UNIT!!Moved in 2005 or later
DP04_0050M,Estimate Margin of Error!!YEAR HOUSEHOLDER MOVED INTO UNIT!!Moved in 2005 or later
DP04_0050MA,Annotation of Estimate Margin of Error!!YEAR HOUSEHOLDER MOVED INTO UNIT!!Moved in 2005 or later
DP04_0050PE,Percent!!YEAR HOUSEHOLDER MOVED INTO UNIT!!Moved in 2005 or later
DP04_0050PEA,Annotation of Percent!!YEAR HOUSEHOLDER MOVED INTO UNIT!!Moved in 2005 or later
DP04_0050PM,Percent Margin of Error!!YEAR HOUSEHOLDER MOVED INTO UNIT!!Moved in 2005 or later
DP04_0050PMA,Annotation of Percent Margin of Error!!YEAR HOUSEHOLDER MOVED INTO UNIT!!Moved in 2005 or later
DP04_0051E,Estimate!!YEAR HOUSEHOLDER MOVED INTO UNIT!!Moved in 2000 to 2004
DP04_0051EA,Annotation of Estimate!!YEAR HOUSEHOLDER MOVED INTO UNIT!!Moved in 2000 to 2004
DP04_0051M,Estimate Margin of Error!!YEAR HOUSEHOLDER MOVED INTO UNIT!!Moved in 2000 to 2004
DP04_0051MA,Annotation of Estimate Margin of Error!!YEAR HOUSEHOLDER MOVED INTO UNIT!!Moved in 2000 to 2004
DP04_0051PE,Percent!!YEAR HOUSEHOLDER MOVED INTO UNIT!!Moved in 2000 to 2004
DP04_0051PM,Percent Margin of Error!!YEAR HOUSEHOLDER MOVED INTO UNIT!!Moved in 2000 to 2004
DP04_0051PMA,Annotation of Percent Margin of Error!!YEAR HOUSEHOLDER MOVED INTO UNIT!!Moved in 2000 to 2004
DP04_0051PEA,Annotation of Percent!!YEAR HOUSEHOLDER MOVED INTO UNIT!!Moved in 2000 to 2004
DP04_0052E,Estimate!!YEAR HOUSEHOLDER MOVED INTO UNIT!!Moved in 1990 to 1999
DP04_0052EA,Annotation of Estimate!!YEAR HOUSEHOLDER MOVED INTO UNIT!!Moved in 1990 to 1999
DP04_0052M,Estimate Margin of Error!!YEAR HOUSEHOLDER MOVED INTO UNIT!!Moved in 1990 to 1999
DP04_0052MA,Annotation of Estimate Margin of Error!!YEAR HOUSEHOLDER MOVED INTO UNIT!!Moved in 1990 to 1999
DP04_0052PE,Percent!!YEAR HOUSEHOLDER MOVED INTO UNIT!!Moved in 1990 to 1999
DP04_0052PEA,Annotation of Percent!!YEAR HOUSEHOLDER MOVED INTO UNIT!!Moved in 1990 to 1999
DP04_0052PM,Percent Margin of Error!!YEAR HOUSEHOLDER MOVED INTO UNIT!!Moved in 1990 to 1999
DP04_0052PMA,Annotation of Percent Margin of Error!!YEAR HOUSEHOLDER MOVED INTO UNIT!!Moved in 1990 to 1999
DP04_0053E,Estimate!!YEAR HOUSEHOLDER MOVED INTO UNIT!!Moved in 1980 to 1989
DP04_0053M,Estimate Margin of Error!!YEAR HOUSEHOLDER MOVED INTO UNIT!!Moved in 1980 to 1989
DP04_0053MA,Annotation of Estimate Margin of Error!!YEAR HOUSEHOLDER MOVED INTO UNIT!!Moved in 1980 to 1989
DP04_0053EA,Annotation of Estimate!!YEAR HOUSEHOLDER MOVED INTO UNIT!!Moved in 1980 to 1989
DP04_0053PE,Percent!!YEAR HOUSEHOLDER MOVED INTO UNIT!!Moved in 1980 to 1989
DP04_0053PM,Percent Margin of Error!!YEAR HOUSEHOLDER MOVED INTO UNIT!!Moved in 1980 to 1989
DP04_0053PMA,Annotation of Percent Margin of Error!!YEAR HOUSEHOLDER MOVED INTO UNIT!!Moved in 1980 to 1989
DP04_0053PEA,Annotation of Percent!!YEAR HOUSEHOLDER MOVED INTO UNIT!!Moved in 1980 to 1989
DP04_0054E,Estimate!!YEAR HOUSEHOLDER MOVED INTO UNIT!!Moved in 1970 to 1979
DP04_0054EA,Annotation of Estimate!!YEAR HOUSEHOLDER MOVED INTO UNIT!!Moved in 1970 to 1979
DP04_0054M,Estimate Margin of Error!!YEAR HOUSEHOLDER MOVED INTO UNIT!!Moved in 1970 to 1979
DP04_0054MA,Annotation of Estimate Margin of Error!!YEAR HOUSEHOLDER MOVED INTO UNIT!!Moved in 1970 to 1979
DP04_0054PE,Percent!!YEAR HOUSEHOLDER MOVED INTO UNIT!!Moved in 1970 to 1979
DP04_0054PM,Percent Margin of Error!!YEAR HOUSEHOLDER MOVED INTO UNIT!!Moved in 1970 to 1979
DP04_0054PMA,Annotation of Percent Margin of Error!!YEAR HOUSEHOLDER MOVED INTO UNIT!!Moved in 1970 to 1979
DP04_0054PEA,Annotation of Percent!!YEAR HOUSEHOLDER MOVED INTO UNIT!!Moved in 1970 to 1979
DP04_0055E,Estimate!!YEAR HOUSEHOLDER MOVED INTO UNIT!!Moved in 1969 or earlier
DP04_0055EA,Annotation of Estimate!!YEAR HOUSEHOLDER MOVED INTO UNIT!!Moved in 1969 or earlier
DP04_0055M,Estimate Margin of Error!!YEAR HOUSEHOLDER MOVED INTO UNIT!!Moved in 1969 or earlier
DP04_0055MA,Annotation of Estimate Margin of Error!!YEAR HOUSEHOLDER MOVED INTO UNIT!!Moved in 1969 or earlier
DP04_0055PE,Percent!!YEAR HOUSEHOLDER MOVED INTO UNIT!!Moved in 1969 or earlier
DP04_0055PM,Percent Margin of Error!!YEAR HOUSEHOLDER MOVED INTO UNIT!!Moved in 1969 or earlier
DP04_0055PMA,Annotation of Percent Margin of Error!!YEAR HOUSEHOLDER MOVED INTO UNIT!!Moved in 1969 or earlier
DP04_0055PEA,Annotation of Percent!!YEAR HOUSEHOLDER MOVED INTO UNIT!!Moved in 1969 or earlier
DP04_0056E,Estimate!!VEHICLES AVAILABLE!!Occupied housing units
DP04_0056M,Estimate Margin of Error!!VEHICLES AVAILABLE!!Occupied housing units
DP04_0056MA,Annotation of Estimate Margin of Error!!VEHICLES AVAILABLE!!Occupied housing units
DP04_0056EA,Annotation of Estimate!!VEHICLES AVAILABLE!!Occupied housing units
DP04_0056PE,Percent!!VEHICLES AVAILABLE!!Occupied housing units
DP04_0056PEA,Annotation of Percent!!VEHICLES AVAILABLE!!Occupied housing units
DP04_0056PM,Percent Margin of Error!!VEHICLES AVAILABLE!!Occupied housing units
DP04_0056PMA,Annotation of Percent Margin of Error!!VEHICLES AVAILABLE!!Occupied housing units
DP04_0057E,Estimate!!VEHICLES AVAILABLE!!No vehicles available
DP04_0057M,Estimate Margin of Error!!VEHICLES AVAILABLE!!No vehicles available
DP04_0057MA,Annotation of Estimate Margin of Error!!VEHICLES AVAILABLE!!No vehicles available
DP04_0057EA,Annotation of Estimate!!VEHICLES AVAILABLE!!No vehicles available
DP04_0057PE,Percent!!VEHICLES AVAILABLE!!No vehicles available
DP04_0057PEA,Annotation of Percent!!VEHICLES AVAILABLE!!No vehicles available
DP04_0057PM,Percent Margin of Error!!VEHICLES AVAILABLE!!No vehicles available
DP04_0057PMA,Annotation of Percent Margin of Error!!VEHICLES AVAILABLE!!No vehicles available
DP04_0058E,Estimate!!VEHICLES AVAILABLE!!1 vehicle available
DP04_0058EA,Annotation of Estimate!!VEHICLES AVAILABLE!!1 vehicle available
DP04_0058M,Estimate Margin of Error!!VEHICLES AVAILABLE!!1 vehicle available
DP04_0058MA,Annotation of Estimate Margin of Error!!VEHICLES AVAILABLE!!1 vehicle available
DP04_0058PE,Percent!!VEHICLES AVAILABLE!!1 vehicle available
DP04_0058PM,Percent Margin of Error!!VEHICLES AVAILABLE!!1 vehicle available
DP04_0058PMA,Annotation of Percent Margin of Error!!VEHICLES AVAILABLE!!1 vehicle available
DP04_0058PEA,Annotation of Percent!!VEHICLES AVAILABLE!!1 vehicle available
DP04_0059E,Estimate!!VEHICLES AVAILABLE!!2 vehicles available
DP04_0059M,Estimate Margin of Error!!VEHICLES AVAILABLE!!2 vehicles available
DP04_0059MA,Annotation of Estimate Margin of Error!!VEHICLES AVAILABLE!!2 vehicles available
DP04_0059EA,Annotation of Estimate!!VEHICLES AVAILABLE!!2 vehicles available
DP04_0059PE,Percent!!VEHICLES AVAILABLE!!2 vehicles available
DP04_0059PEA,Annotation of Percent!!VEHICLES AVAILABLE!!2 vehicles available
DP04_0059PM,Percent Margin of Error!!VEHICLES AVAILABLE!!2 vehicles available
DP04_0059PMA,Annotation of Percent Margin of Error!!VEHICLES AVAILABLE!!2 vehicles available
DP04_0060E,Estimate!!VEHICLES AVAILABLE!!3 or more vehicles available
DP04_0060EA,Annotation of Estimate!!VEHICLES AVAILABLE!!3 or more vehicles available
DP04_0060M,Estimate Margin of Error!!VEHICLES AVAILABLE!!3 or more vehicles available
DP04_0060MA,Annotation of Estimate Margin of Error!!VEHICLES AVAILABLE!!3 or more vehicles available
DP04_0060PE,Percent!!VEHICLES AVAILABLE!!3 or more vehicles available
DP04_0060PM,Percent Margin of Error!!VEHICLES AVAILABLE!!3 or more vehicles available
DP04_0060PMA,Annotation of Percent Margin of Error!!VEHICLES AVAILABLE!!3 or more vehicles available
DP04_0060PEA,Annotation of Percent!!VEHICLES AVAILABLE!!3 or more vehicles available
DP04_0061E,Estimate!!HOUSE HEATING FUEL!!Occupied housing units
DP04_0061M,Estimate Margin of Error!!HOUSE HEATING FUEL!!Occupied housing units
DP04_0061MA,Annotation of Estimate Margin of Error!!HOUSE HEATING FUEL!!Occupied housing units
DP04_0061EA,Annotation of Estimate!!HOUSE HEATING FUEL!!Occupied housing units
DP04_0061PE,Percent!!HOUSE HEATING FUEL!!Occupied housing units
DP04_0061PM,Percent Margin of Error!!HOUSE HEATING FUEL!!Occupied housing units
DP04_0061PMA,Annotation of Percent Margin of Error!!HOUSE HEATING FUEL!!Occupied housing units
DP04_0061PEA,Annotation of Percent!!HOUSE HEATING FUEL!!Occupied housing units
DP04_0062E,Estimate!!HOUSE HEATING FUEL!!Utility gas
DP04_0062EA,Annotation of Estimate!!HOUSE HEATING FUEL!!Utility gas
DP04_0062M,Estimate Margin of Error!!HOUSE HEATING FUEL!!Utility gas
DP04_0062MA,Annotation of Estimate Margin of Error!!HOUSE HEATING FUEL!!Utility gas
DP04_0062PE,Percent!!HOUSE HEATING FUEL!!Utility gas
DP04_0062PM,Percent Margin of Error!!HOUSE HEATING FUEL!!Utility gas
DP04_0062PMA,Annotation of Percent Margin of Error!!HOUSE HEATING FUEL!!Utility gas
DP04_0062PEA,Annotation of Percent!!HOUSE HEATING FUEL!!Utility gas
DP04_0063E,"Estimate!!HOUSE HEATING FUEL!!Bottled, tank, or LP gas"
DP04_0063EA,"Annotation of Estimate!!HOUSE HEATING FUEL!!Bottled, tank, or LP gas"
DP04_0063M,"Estimate Margin of Error!!HOUSE HEATING FUEL!!Bottled, tank, or LP gas"
DP04_0063MA,"Annotation of Estimate Margin of Error!!HOUSE HEATING FUEL!!Bottled, tank, or LP gas"
DP04_0063PE,"Percent!!HOUSE HEATING FUEL!!Bottled, tank, or LP gas"
DP04_0063PEA,"Annotation of Percent!!HOUSE HEATING FUEL!!Bottled, tank, or LP gas"
DP04_0063PM,"Percent Margin of Error!!HOUSE HEATING FUEL!!Bottled, tank, or LP gas"
DP04_0063PMA,"Annotation of Percent Margin of Error!!HOUSE HEATING FUEL!!Bottled, tank, or LP gas"
DP04_0064E,Estimate!!HOUSE HEATING FUEL!!Electricity
DP04_0064M,Estimate Margin of Error!!HOUSE HEATING FUEL!!Electricity
DP04_0064MA,Annotation of Estimate Margin of Error!!HOUSE HEATING FUEL!!Electricity
DP04_0064EA,Annotation of Estimate!!HOUSE HEATING FUEL!!Electricity
DP04_0064PE,Percent!!HOUSE HEATING FUEL!!Electricity
DP04_0064PM,Percent Margin of Error!!HOUSE HEATING FUEL!!Electricity
DP04_0064PMA,Annotation of Percent Margin of Error!!HOUSE HEATING FUEL!!Electricity
DP04_0064PEA,Annotation of Percent!!HOUSE HEATING FUEL!!Electricity
DP04_0065E,"Estimate!!HOUSE HEATING FUEL!!Fuel oil, kerosene, etc."
DP04_0065EA,"Annotation of Estimate!!HOUSE HEATING FUEL!!Fuel oil, kerosene, etc."
DP04_0065M,"Estimate Margin of Error!!HOUSE HEATING FUEL!!Fuel oil, kerosene, etc."
DP04_0065MA,"Annotation of Estimate Margin of Error!!HOUSE HEATING FUEL!!Fuel oil, kerosene, etc."
DP04_0065PE,"Percent!!HOUSE HEATING FUEL!!Fuel oil, kerosene, etc."
DP04_0065PEA,"Annotation of Percent!!HOUSE HEATING FUEL!!Fuel oil, kerosene, etc."
DP04_0065PM,"Percent Margin of Error!!HOUSE HEATING FUEL!!Fuel oil, kerosene, etc."
DP04_0065PMA,"Annotation of Percent Margin of Error!!HOUSE HEATING FUEL!!Fuel oil, kerosene, etc."
DP04_0066E,Estimate!!HOUSE HEATING FUEL!!Coal or coke
DP04_0066M,Estimate Margin of Error!!HOUSE HEATING FUEL!!Coal or coke
DP04_0066MA,Annotation of Estimate Margin of Error!!HOUSE HEATING FUEL!!Coal or coke
DP04_0066EA,Annotation of Estimate!!HOUSE HEATING FUEL!!Coal or coke
DP04_0066PE,Percent!!HOUSE HEATING FUEL!!Coal or coke
DP04_0066PM,Percent Margin of Error!!HOUSE HEATING FUEL!!Coal or coke
DP04_0066PMA,Annotation of Percent Margin of Error!!HOUSE HEATING FUEL!!Coal or coke
DP04_0066PEA,Annotation of Percent!!HOUSE HEATING FUEL!!Coal or coke
DP04_0067E,Estimate!!HOUSE HEATING FUEL!!Wood
DP04_0067M,Estimate Margin of Error!!HOUSE HEATING FUEL!!Wood
DP04_0067MA,Annotation of Estimate Margin of Error!!HOUSE HEATING FUEL!!Wood
DP04_0067EA,Annotation of Estimate!!HOUSE HEATING FUEL!!Wood
DP04_0067PE,Percent!!HOUSE HEATING FUEL!!Wood
DP04_0067PEA,Annotation of Percent!!HOUSE HEATING FUEL!!Wood
DP04_0067PM,Percent Margin of Error!!HOUSE HEATING FUEL!!Wood
DP04_0067PMA,Annotation of Percent Margin of Error!!HOUSE HEATING FUEL!!Wood
DP04_0068E,Estimate!!HOUSE HEATING FUEL!!Solar energy
DP04_0068M,Estimate Margin of Error!!HOUSE HEATING FUEL!!Solar energy
DP04_0068MA,Annotation of Estimate Margin of Error!!HOUSE HEATING FUEL!!Solar energy
DP04_0068EA,Annotation of Estimate!!HOUSE HEATING FUEL!!Solar energy
DP04_0068PE,Percent!!HOUSE HEATING FUEL!!Solar energy
DP04_0068PEA,Annotation of Percent!!HOUSE HEATING FUEL!!Solar energy
DP04_0068PM,Percent Margin of Error!!HOUSE HEATING FUEL!!Solar energy
DP04_0068PMA,Annotation of Percent Margin of Error!!HOUSE HEATING FUEL!!Solar energy
DP04_0069E,Estimate!!HOUSE HEATING FUEL!!Other fuel
DP04_0069EA,Annotation of Estimate!!HOUSE HEATING FUEL!!Other fuel
DP04_0069M,Estimate Margin of Error!!HOUSE HEATING FUEL!!Other fuel
DP04_0069MA,Annotation of Estimate Margin of Error!!HOUSE HEATING FUEL!!Other fuel
DP04_0069PE,Percent!!HOUSE HEATING FUEL!!Other fuel
DP04_0069PM,Percent Margin of Error!!HOUSE HEATING FUEL!!Other fuel
DP04_0069PMA,Annotation of Percent Margin of Error!!HOUSE HEATING FUEL!!Other fuel
DP04_0069PEA,Annotation of Percent!!HOUSE HEATING FUEL!!Other fuel
DP04_0070E,Estimate!!HOUSE HEATING FUEL!!No fuel used
DP04_0070EA,Annotation of Estimate!!HOUSE HEATING FUEL!!No fuel used
DP04_0070M,Estimate Margin of Error!!HOUSE HEATING FUEL!!No fuel used
DP04_0070MA,Annotation of Estimate Margin of Error!!HOUSE HEATING FUEL!!No fuel used
DP04_0070PE,Percent!!HOUSE HEATING FUEL!!No fuel used
DP04_0070PEA,Annotation of Percent!!HOUSE HEATING FUEL!!No fuel used
DP04_0070PM,Percent Margin of Error!!HOUSE HEATING FUEL!!No fuel used
DP04_0070PMA,Annotation of Percent Margin of Error!!HOUSE HEATING FUEL!!No fuel used
DP04_0071E,Estimate!!SELECTED CHARACTERISTICS!!Occupied housing units
DP04_0071EA,Annotation of Estimate!!SELECTED CHARACTERISTICS!!Occupied housing units
DP04_0071M,Estimate Margin of Error!!SELECTED CHARACTERISTICS!!Occupied housing units
DP04_0071MA,Annotation of Estimate Margin of Error!!SELECTED CHARACTERISTICS!!Occupied housing units
DP04_0071PE,Percent!!SELECTED CHARACTERISTICS!!Occupied housing units
DP04_0071PM,Percent Margin of Error!!SELECTED CHARACTERISTICS!!Occupied housing units
DP04_0071PMA,Annotation of Percent Margin of Error!!SELECTED CHARACTERISTICS!!Occupied housing units
DP04_0071PEA,Annotation of Percent!!SELECTED CHARACTERISTICS!!Occupied housing units
DP04_0072M,Estimate Margin of Error!!SELECTED CHARACTERISTICS!!Lacking complete plumbing facilities
DP04_0072MA,Annotation of Estimate Margin of Error!!SELECTED CHARACTERISTICS!!Lacking complete plumbing facilities
DP04_0072E,Estimate!!SELECTED CHARACTERISTICS!!Lacking complete plumbing facilities
DP04_0072EA,Annotation of Estimate!!SELECTED CHARACTERISTICS!!Lacking complete plumbing facilities
DP04_0072PE,Percent!!SELECTED CHARACTERISTICS!!Lacking complete plumbing facilities
DP04_0072PEA,Annotation of Percent!!SELECTED CHARACTERISTICS!!Lacking complete plumbing facilities
DP04_0072PM,Percent Margin of Error!!SELECTED CHARACTERISTICS!!Lacking complete plumbing facilities
DP04_0072PMA,Annotation of Percent Margin of Error!!SELECTED CHARACTERISTICS!!Lacking complete plumbing facilities
DP04_0073M,Estimate Margin of Error!!SELECTED CHARACTERISTICS!!Lacking complete kitchen facilities
DP04_0073MA,Annotation of Estimate Margin of Error!!SELECTED CHARACTERISTICS!!Lacking complete kitchen facilities
DP04_0073E,Estimate!!SELECTED CHARACTERISTICS!!Lacking complete kitchen facilities
DP04_0073EA,Annotation of Estimate!!SELECTED CHARACTERISTICS!!Lacking complete kitchen facilities
DP04_0073PE,Percent!!SELECTED CHARACTERISTICS!!Lacking complete kitchen facilities
DP04_0073PM,Percent Margin of Error!!SELECTED CHARACTERISTICS!!Lacking complete kitchen facilities
DP04_0073PMA,Annotation of Percent Margin of Error!!SELECTED CHARACTERISTICS!!Lacking complete kitchen facilities
DP04_0073PEA,Annotation of Percent!!SELECTED CHARACTERISTICS!!Lacking complete kitchen facilities
DP04_0074E,Estimate!!SELECTED CHARACTERISTICS!!No telephone service available
DP04_0074EA,Annotation of Estimate!!SELECTED CHARACTERISTICS!!No telephone service available
DP04_0074M,Estimate Margin of Error!!SELECTED CHARACTERISTICS!!No telephone service available
DP04_0074MA,Annotation of Estimate Margin of Error!!SELECTED CHARACTERISTICS!!No telephone service available
DP04_0074PE,Percent!!SELECTED CHARACTERISTICS!!No telephone service available
DP04_0074PEA,Annotation of Percent!!SELECTED CHARACTERISTICS!!No telephone service available
DP04_0074PM,Percent Margin of Error!!SELECTED CHARACTERISTICS!!No telephone service available
DP04_0074PMA,Annotation of Percent Margin of Error!!SELECTED CHARACTERISTICS!!No telephone service available
DP04_0075E,Estimate!!OCCUPANTS PER ROOM!!Occupied housing units
DP04_0075M,Estimate Margin of Error!!OCCUPANTS PER ROOM!!Occupied housing units
DP04_0075MA,Annotation of Estimate Margin of Error!!OCCUPANTS PER ROOM!!Occupied housing units
DP04_0075EA,Annotation of Estimate!!OCCUPANTS PER ROOM!!Occupied housing units
DP04_0075PM,Percent Margin of Error!!OCCUPANTS PER ROOM!!Occupied housing units
DP04_0075PMA,Annotation of Percent Margin of Error!!OCCUPANTS PER ROOM!!Occupied housing units
DP04_0075PE,Percent!!OCCUPANTS PER ROOM!!Occupied housing units
DP04_0075PEA,Annotation of Percent!!OCCUPANTS PER ROOM!!Occupied housing units
DP04_0076M,Estimate Margin of Error!!OCCUPANTS PER ROOM!!1.00 or less
DP04_0076MA,Annotation of Estimate Margin of Error!!OCCUPANTS PER ROOM!!1.00 or less
DP04_0076E,Estimate!!OCCUPANTS PER ROOM!!1.00 or less
DP04_0076EA,Annotation of Estimate!!OCCUPANTS PER ROOM!!1.00 or less
DP04_0076PE,Percent!!OCCUPANTS PER ROOM!!1.00 or less
DP04_0076PEA,Annotation of Percent!!OCCUPANTS PER ROOM!!1.00 or less
DP04_0076PM,Percent Margin of Error!!OCCUPANTS PER ROOM!!1.00 or less
DP04_0076PMA,Annotation of Percent Margin of Error!!OCCUPANTS PER ROOM!!1.00 or less
DP04_0077M,Estimate Margin of Error!!OCCUPANTS PER ROOM!!1.01 to 1.50
DP04_0077MA,Annotation of Estimate Margin of Error!!OCCUPANTS PER ROOM!!1.01 to 1.50
DP04_0077E,Estimate!!OCCUPANTS PER ROOM!!1.01 to 1.50
DP04_0077EA,Annotation of Estimate!!OCCUPANTS PER ROOM!!1.01 to 1.50
DP04_0077PE,Percent!!OCCUPANTS PER ROOM!!1.01 to 1.50
DP04_0077PM,Percent Margin of Error!!OCCUPANTS PER ROOM!!1.01 to 1.50
DP04_0077PMA,Annotation of Percent Margin of Error!!OCCUPANTS PER ROOM!!1.01 to 1.50
DP04_0077PEA,Annotation of Percent!!OCCUPANTS PER ROOM!!1.01 to 1.50
DP04_0078E,Estimate!!OCCUPANTS PER ROOM!!1.51 or more
DP04_0078M,Estimate Margin of Error!!OCCUPANTS PER ROOM!!1.51 or more
DP04_0078MA,Annotation of Estimate Margin of Error!!OCCUPANTS PER ROOM!!1.51 or more
DP04_0078EA,Annotation of Estimate!!OCCUPANTS PER ROOM!!1.51 or more
DP04_0078PM,Percent Margin of Error!!OCCUPANTS PER ROOM!!1.51 or more
DP04_0078PMA,Annotation of Percent Margin of Error!!OCCUPANTS PER ROOM!!1.51 or more
DP04_0078PE,Percent!!OCCUPANTS PER ROOM!!1.51 or more
DP04_0078PEA,Annotation of Percent!!OCCUPANTS PER ROOM!!1.51 or more
DP04_0079E,Estimate!!VALUE!!Owner-occupied units
DP04_0079M,Estimate Margin of Error!!VALUE!!Owner-occupied units
DP04_0079MA,Annotation of Estimate Margin of Error!!VALUE!!Owner-occupied units
DP04_0079EA,Annotation of Estimate!!VALUE!!Owner-occupied units
DP04_0079PM,Percent Margin of Error!!VALUE!!Owner-occupied units
DP04_0079PMA,Annotation of Percent Margin of Error!!VALUE!!Owner-occupied units
DP04_0079PE,Percent!!VALUE!!Owner-occupied units
DP04_0079PEA,Annotation of Percent!!VALUE!!Owner-occupied units
DP04_0080E,"Estimate!!VALUE!!Less than $50,000"
DP04_0080EA,"Annotation of Estimate!!VALUE!!Less than $50,000"
DP04_0080M,"Estimate Margin of Error!!VALUE!!Less than $50,000"
DP04_0080MA,"Annotation of Estimate Margin of Error!!VALUE!!Less than $50,000"
DP04_0080PE,"Percent!!VALUE!!Less than $50,000"
DP04_0080PM,"Percent Margin of Error!!VALUE!!Less than $50,000"
DP04_0080PMA,"Annotation of Percent Margin of Error!!VALUE!!Less than $50,000"
DP04_0080PEA,"Annotation of Percent!!VALUE!!Less than $50,000"
DP04_0081E,"Estimate!!VALUE!!$50,000 to $99,999"
DP04_0081M,"Estimate Margin of Error!!VALUE!!$50,000 to $99,999"
DP04_0081MA,"Annotation of Estimate Margin of Error!!VALUE!!$50,000 to $99,999"
DP04_0081EA,"Annotation of Estimate!!VALUE!!$50,000 to $99,999"
DP04_0081PM,"Percent Margin of Error!!VALUE!!$50,000 to $99,999"
DP04_0081PMA,"Annotation of Percent Margin of Error!!VALUE!!$50,000 to $99,999"
DP04_0081PE,"Percent!!VALUE!!$50,000 to $99,999"
DP04_0081PEA,"Annotation of Percent!!VALUE!!$50,000 to $99,999"
DP04_0082E,"Estimate!!VALUE!!$100,000 to $149,999"
DP04_0082M,"Estimate Margin of Error!!VALUE!!$100,000 to $149,999"
DP04_0082MA,"Annotation of Estimate Margin of Error!!VALUE!!$100,000 to $149,999"
DP04_0082EA,"Annotation of Estimate!!VALUE!!$100,000 to $149,999"
DP04_0082PE,"Percent!!VALUE!!$100,000 to $149,999"
DP04_0082PEA,"Annotation of Percent!!VALUE!!$100,000 to $149,999"
DP04_0082PM,"Percent Margin of Error!!VALUE!!$100,000 to $149,999"
DP04_0082PMA,"Annotation of Percent Margin of Error!!VALUE!!$100,000 to $149,999"
DP04_0083E,"Estimate!!VALUE!!$150,000 to $199,999"
DP04_0083M,"Estimate Margin of Error!!VALUE!!$150,000 to $199,999"
DP04_0083MA,"Annotation of Estimate Margin of Error!!VALUE!!$150,000 to $199,999"
DP04_0083EA,"Annotation of Estimate!!VALUE!!$150,000 to $199,999"
DP04_0083PM,"Percent Margin of Error!!VALUE!!$150,000 to $199,999"
DP04_0083PMA,"Annotation of Percent Margin of Error!!VALUE!!$150,000 to $199,999"
DP04_0083PE,"Percent!!VALUE!!$150,000 to $199,999"
DP04_0083PEA,"Annotation of Percent!!VALUE!!$150,000 to $199,999"
DP04_0084E,"Estimate!!VALUE!!$200,000 to $299,999"
DP04_0084EA,"Annotation of Estimate!!VALUE!!$200,000 to $299,999"
DP04_0084M,"Estimate Margin of Error!!VALUE!!$200,000 to $299,999"
DP04_0084MA,"Annotation of Estimate Margin of Error!!VALUE!!$200,000 to $299,999"
DP04_0084PE,"Percent!!VALUE!!$200,000 to $299,999"
DP04_0084PM,"Percent Margin of Error!!VALUE!!$200,000 to $299,999"
DP04_0084PMA,"Annotation of Percent Margin of Error!!VALUE!!$200,000 to $299,999"
DP04_0084PEA,"Annotation of Percent!!VALUE!!$200,000 to $299,999"
DP04_0085E,"Estimate!!VALUE!!$300,000 to $499,999"
DP04_0085EA,"Annotation of Estimate!!VALUE!!$300,000 to $499,999"
DP04_0085M,"Estimate Margin of Error!!VALUE!!$300,000 to $499,999"
DP04_0085MA,"Annotation of Estimate Margin of Error!!VALUE!!$300,000 to $499,999"
DP04_0085PM,"Percent Margin of Error!!VALUE!!$300,000 to $499,999"
DP04_0085PMA,"Annotation of Percent Margin of Error!!VALUE!!$300,000 to $499,999"
DP04_0085PE,"Percent!!VALUE!!$300,000 to $499,999"
DP04_0085PEA,"Annotation of Percent!!VALUE!!$300,000 to $499,999"
DP04_0086PE,"Percent!!VALUE!!$500,000 to $999,999"
DP04_0086PM,"Percent Margin of Error!!VALUE!!$500,000 to $999,999"
DP04_0086PMA,"Annotation of Percent Margin of Error!!VALUE!!$500,000 to $999,999"
DP04_0086PEA,"Annotation of Percent!!VALUE!!$500,000 to $999,999"
DP04_0086M,"Estimate Margin of Error!!VALUE!!$500,000 to $999,999"
DP04_0086MA,"Annotation of Estimate Margin of Error!!VALUE!!$500,000 to $999,999"
DP04_0086E,"Estimate!!VALUE!!$500,000 to $999,999"
DP04_0086EA,"Annotation of Estimate!!VALUE!!$500,000 to $999,999"
DP04_0087PE,"Percent!!VALUE!!$1,000,000 or more"
DP04_0087PEA,"Annotation of Percent!!VALUE!!$1,000,000 or more"
DP04_0087PM,"Percent Margin of Error!!VALUE!!$1,000,000 or more"
DP04_0087PMA,"Annotation of Percent Margin of Error!!VALUE!!$1,000,000 or more"
DP04_0087E,"Estimate!!VALUE!!$1,000,000 or more"
DP04_0087EA,"Annotation of Estimate!!VALUE!!$1,000,000 or more"
DP04_0087M,"Estimate Margin of Error!!VALUE!!$1,000,000 or more"
DP04_0087MA,"Annotation of Estimate Margin of Error!!VALUE!!$1,000,000 or more"
DP04_0088E,Estimate!!VALUE!!Median (dollars)
DP04_0088M,Estimate Margin of Error!!VALUE!!Median (dollars)
DP04_0088MA,Annotation of Estimate Margin of Error!!VALUE!!Median (dollars)
DP04_0088EA,Annotation of Estimate!!VALUE!!Median (dollars)
DP04_0088PE,Percent!!VALUE!!Median (dollars)
DP04_0088PM,Percent Margin of Error!!VALUE!!Median (dollars)
DP04_0088PMA,Annotation of Percent Margin of Error!!VALUE!!Median (dollars)
DP04_0088PEA,Annotation of Percent!!VALUE!!Median (dollars)
DP04_0089E,Estimate!!MORTGAGE STATUS!!Owner-occupied units
DP04_0089M,Estimate Margin of Error!!MORTGAGE STATUS!!Owner-occupied units
DP04_0089MA,Annotation of Estimate Margin of Error!!MORTGAGE STATUS!!Owner-occupied units
DP04_0089EA,Annotation of Estimate!!MORTGAGE STATUS!!Owner-occupied units
DP04_0089PE,Percent!!MORTGAGE STATUS!!Owner-occupied units
DP04_0089PEA,Annotation of Percent!!MORTGAGE STATUS!!Owner-occupied units
DP04_0089PM,Percent Margin of Error!!MORTGAGE STATUS!!Owner-occupied units
DP04_0089PMA,Annotation of Percent Margin of Error!!MORTGAGE STATUS!!Owner-occupied units
DP04_0090E,Estimate!!MORTGAGE STATUS!!Housing units with a mortgage
DP04_0090M,Estimate Margin of Error!!MORTGAGE STATUS!!Housing units with a mortgage
DP04_0090MA,Annotation of Estimate Margin of Error!!MORTGAGE STATUS!!Housing units with a mortgage
DP04_0090EA,Annotation of Estimate!!MORTGAGE STATUS!!Housing units with a mortgage
DP04_0090PE,Percent!!MORTGAGE STATUS!!Housing units with a mortgage
DP04_0090PEA,Annotation of Percent!!MORTGAGE STATUS!!Housing units with a mortgage
DP04_0090PM,Percent Margin of Error!!MORTGAGE STATUS!!Housing units with a mortgage
DP04_0090PMA,Annotation of Percent Margin of Error!!MORTGAGE STATUS!!Housing units with a mortgage
DP04_0091E,Estimate!!MORTGAGE STATUS!!Housing units without a mortgage
DP04_0091EA,Annotation of Estimate!!MORTGAGE STATUS!!Housing units without a mortgage
DP04_0091M,Estimate Margin of Error!!MORTGAGE STATUS!!Housing units without a mortgage
DP04_0091MA,Annotation of Estimate Margin of Error!!MORTGAGE STATUS!!Housing units without a mortgage
DP04_0091PE,Percent!!MORTGAGE STATUS!!Housing units without a mortgage
DP04_0091PM,Percent Margin of Error!!MORTGAGE STATUS!!Housing units without a mortgage
DP04_0091PMA,Annotation of Percent Margin of Error!!MORTGAGE STATUS!!Housing units without a mortgage
DP04_0091PEA,Annotation of Percent!!MORTGAGE STATUS!!Housing units without a mortgage
DP04_0092E,Estimate!!SELECTED MONTHLY OWNER COSTS (SMOC)!!Housing units with a mortgage
DP04_0092M,Estimate Margin of Error!!SELECTED MONTHLY OWNER COSTS (SMOC)!!Housing units with a mortgage
DP04_0092MA,Annotation of Estimate Margin of Error!!SELECTED MONTHLY OWNER COSTS (SMOC)!!Housing units with a mortgage
DP04_0092EA,Annotation of Estimate!!SELECTED MONTHLY OWNER COSTS (SMOC)!!Housing units with a mortgage
DP04_0092PE,Percent!!SELECTED MONTHLY OWNER COSTS (SMOC)!!Housing units with a mortgage
DP04_0092PEA,Annotation of Percent!!SELECTED MONTHLY OWNER COSTS (SMOC)!!Housing units with a mortgage
DP04_0092PM,Percent Margin of Error!!SELECTED MONTHLY OWNER COSTS (SMOC)!!Housing units with a mortgage
DP04_0092PMA,Annotation of Percent Margin of Error!!SELECTED MONTHLY OWNER COSTS (SMOC)!!Housing units with a mortgage
DP04_0093E,Estimate!!SELECTED MONTHLY OWNER COSTS (SMOC)!!Less than $300
DP04_0093EA,Annotation of Estimate!!SELECTED MONTHLY OWNER COSTS (SMOC)!!Less than $300
DP04_0093M,Estimate Margin of Error!!SELECTED MONTHLY OWNER COSTS (SMOC)!!Less than $300
DP04_0093MA,Annotation of Estimate Margin of Error!!SELECTED MONTHLY OWNER COSTS (SMOC)!!Less than $300
DP04_0093PE,Percent!!SELECTED MONTHLY OWNER COSTS (SMOC)!!Less than $300
DP04_0093PM,Percent Margin of Error!!SELECTED MONTHLY OWNER COSTS (SMOC)!!Less than $300
DP04_0093PMA,Annotation of Percent Margin of Error!!SELECTED MONTHLY OWNER COSTS (SMOC)!!Less than $300
DP04_0093PEA,Annotation of Percent!!SELECTED MONTHLY OWNER COSTS (SMOC)!!Less than $300
DP04_0094E,Estimate!!SELECTED MONTHLY OWNER COSTS (SMOC)!!$300 to $499
DP04_0094M,Estimate Margin of Error!!SELECTED MONTHLY OWNER COSTS (SMOC)!!$300 to $499
DP04_0094MA,Annotation of Estimate Margin of Error!!SELECTED MONTHLY OWNER COSTS (SMOC)!!$300 to $499
DP04_0094EA,Annotation of Estimate!!SELECTED MONTHLY OWNER COSTS (SMOC)!!$300 to $499
DP04_0094PE,Percent!!SELECTED MONTHLY OWNER COSTS (SMOC)!!$300 to $499
DP04_0094PM,Percent Margin of Error!!SELECTED MONTHLY OWNER COSTS (SMOC)!!$300 to $499
DP04_0094PMA,Annotation of Percent Margin of Error!!SELECTED MONTHLY OWNER COSTS (SMOC)!!$300 to $499
DP04_0094PEA,Annotation of Percent!!SELECTED MONTHLY OWNER COSTS (SMOC)!!$300 to $499
DP04_0095E,Estimate!!SELECTED MONTHLY OWNER COSTS (SMOC)!!$500 to $699
DP04_0095EA,Annotation of Estimate!!SELECTED MONTHLY OWNER COSTS (SMOC)!!$500 to $699
DP04_0095M,Estimate Margin of Error!!SELECTED MONTHLY OWNER COSTS (SMOC)!!$500 to $699
DP04_0095MA,Annotation of Estimate Margin of Error!!SELECTED MONTHLY OWNER COSTS (SMOC)!!$500 to $699
DP04_0095PE,Percent!!SELECTED MONTHLY OWNER COSTS (SMOC)!!$500 to $699
DP04_0095PM,Percent Margin of Error!!SELECTED MONTHLY OWNER COSTS (SMOC)!!$500 to $699
DP04_0095PMA,Annotation of Percent Margin of Error!!SELECTED MONTHLY OWNER COSTS (SMOC)!!$500 to $699
DP04_0095PEA,Annotation of Percent!!SELECTED MONTHLY OWNER COSTS (SMOC)!!$500 to $699
DP04_0096E,Estimate!!SELECTED MONTHLY OWNER COSTS (SMOC)!!$700 to $999
DP04_0096EA,Annotation of Estimate!!SELECTED MONTHLY OWNER COSTS (SMOC)!!$700 to $999
DP04_0096M,Estimate Margin of Error!!SELECTED MONTHLY OWNER COSTS (SMOC)!!$700 to $999
DP04_0096MA,Annotation of Estimate Margin of Error!!SELECTED MONTHLY OWNER COSTS (SMOC)!!$700 to $999
DP04_0096PE,Percent!!SELECTED MONTHLY OWNER COSTS (SMOC)!!$700 to $999
DP04_0096PEA,Annotation of Percent!!SELECTED MONTHLY OWNER COSTS (SMOC)!!$700 to $999
DP04_0096PM,Percent Margin of Error!!SELECTED MONTHLY OWNER COSTS (SMOC)!!$700 to $999
DP04_0096PMA,Annotation of Percent Margin of Error!!SELECTED MONTHLY OWNER COSTS (SMOC)!!$700 to $999
DP04_0097E,"Estimate!!SELECTED MONTHLY OWNER COSTS (SMOC)!!$1,000 to $1,499"
DP04_0097M,"Estimate Margin of Error!!SELECTED MONTHLY OWNER COSTS (SMOC)!!$1,000 to $1,499"
DP04_0097MA,"Annotation of Estimate Margin of Error!!SELECTED MONTHLY OWNER COSTS (SMOC)!!$1,000 to $1,499"
DP04_0097EA,"Annotation of Estimate!!SELECTED MONTHLY OWNER COSTS (SMOC)!!$1,000 to $1,499"
DP04_0097PE,"Percent!!SELECTED MONTHLY OWNER COSTS (SMOC)!!$1,000 to $1,499"
DP04_0097PEA,"Annotation of Percent!!SELECTED MONTHLY OWNER COSTS (SMOC)!!$1,000 to $1,499"
DP04_0097PM,"Percent Margin of Error!!SELECTED MONTHLY OWNER COSTS (SMOC)!!$1,000 to $1,499"
DP04_0097PMA,"Annotation of Percent Margin of Error!!SELECTED MONTHLY OWNER COSTS (SMOC)!!$1,000 to $1,499"
DP04_0098E,"Estimate!!SELECTED MONTHLY OWNER COSTS (SMOC)!!$1,500 to $1,999"
DP04_0098EA,"Annotation of Estimate!!SELECTED MONTHLY OWNER COSTS (SMOC)!!$1,500 to $1,999"
DP04_0098M,"Estimate Margin of Error!!SELECTED MONTHLY OWNER COSTS (SMOC)!!$1,500 to $1,999"
DP04_0098MA,"Annotation of Estimate Margin of Error!!SELECTED MONTHLY OWNER COSTS (SMOC)!!$1,500 to $1,999"
DP04_0098PE,"Percent!!SELECTED MONTHLY OWNER COSTS (SMOC)!!$1,500 to $1,999"
DP04_0098PEA,"Annotation of Percent!!SELECTED MONTHLY OWNER COSTS (SMOC)!!$1,500 to $1,999"
DP04_0098PM,"Percent Margin of Error!!SELECTED MONTHLY OWNER COSTS (SMOC)!!$1,500 to $1,999"
DP04_0098PMA,"Annotation of Percent Margin of Error!!SELECTED MONTHLY OWNER COSTS (SMOC)!!$1,500 to $1,999"
DP04_0099E,"Estimate!!SELECTED MONTHLY OWNER COSTS (SMOC)!!$2,000 or more"
DP04_0099M,"Estimate Margin of Error!!SELECTED MONTHLY OWNER COSTS (SMOC)!!$2,000 or more"
DP04_0099MA,"Annotation of Estimate Margin of Error!!SELECTED MONTHLY OWNER COSTS (SMOC)!!$2,000 or more"
DP04_0099EA,"Annotation of Estimate!!SELECTED MONTHLY OWNER COSTS (SMOC)!!$2,000 or more"
DP04_0099PE,"Percent!!SELECTED MONTHLY OWNER COSTS (SMOC)!!$2,000 or more"
DP04_0099PM,"Percent Margin of Error!!SELECTED MONTHLY OWNER COSTS (SMOC)!!$2,000 or more"
DP04_0099PMA,"Annotation of Percent Margin of Error!!SELECTED MONTHLY OWNER COSTS (SMOC)!!$2,000 or more"
DP04_0099PEA,"Annotation of Percent!!SELECTED MONTHLY OWNER COSTS (SMOC)!!$2,000 or more"
DP04_0100E,Estimate!!SELECTED MONTHLY OWNER COSTS (SMOC)!!Median (dollars)
DP04_0100EA,Annotation of Estimate!!SELECTED MONTHLY OWNER COSTS (SMOC)!!Median (dollars)
DP04_0100M,Estimate Margin of Error!!SELECTED MONTHLY OWNER COSTS (SMOC)!!Median (dollars)
DP04_0100MA,Annotation of Estimate Margin of Error!!SELECTED MONTHLY OWNER COSTS (SMOC)!!Median (dollars)
DP04_0100PE,Percent!!SELECTED MONTHLY OWNER COSTS (SMOC)!!Median (dollars)
DP04_0100PEA,Annotation of Percent!!SELECTED MONTHLY OWNER COSTS (SMOC)!!Median (dollars)
DP04_0100PM,Percent Margin of Error!!SELECTED MONTHLY OWNER COSTS (SMOC)!!Median (dollars)
DP04_0100PMA,Annotation of Percent Margin of Error!!SELECTED MONTHLY OWNER COSTS (SMOC)!!Median (dollars)
DP04_0101E,Estimate!!SELECTED MONTHLY OWNER COSTS (SMOC)!!Housing units without a mortgage
DP04_0101M,Estimate Margin of Error!!SELECTED MONTHLY OWNER COSTS (SMOC)!!Housing units without a mortgage
DP04_0101MA,Annotation of Estimate Margin of Error!!SELECTED MONTHLY OWNER COSTS (SMOC)!!Housing units without a mortgage
DP04_0101EA,Annotation of Estimate!!SELECTED MONTHLY OWNER COSTS (SMOC)!!Housing units without a mortgage
DP04_0101PE,Percent!!SELECTED MONTHLY OWNER COSTS (SMOC)!!Housing units without a mortgage
DP04_0101PEA,Annotation of Percent!!SELECTED MONTHLY OWNER COSTS (SMOC)!!Housing units without a mortgage
DP04_0101PM,Percent Margin of Error!!SELECTED MONTHLY OWNER COSTS (SMOC)!!Housing units without a mortgage
DP04_0101PMA,Annotation of Percent Margin of Error!!SELECTED MONTHLY OWNER COSTS (SMOC)!!Housing units without a mortgage
DP04_0102E,Estimate!!SELECTED MONTHLY OWNER COSTS (SMOC)!!Less than $100
DP04_0102EA,Annotation of Estimate!!SELECTED MONTHLY OWNER COSTS (SMOC)!!Less than $100
DP04_0102M,Estimate Margin of Error!!SELECTED MONTHLY OWNER COSTS (SMOC)!!Less than $100
DP04_0102MA,Annotation of Estimate Margin of Error!!SELECTED MONTHLY OWNER COSTS (SMOC)!!Less than $100
DP04_0102PE,Percent!!SELECTED MONTHLY OWNER COSTS (SMOC)!!Less than $100
DP04_0102PM,Percent Margin of Error!!SELECTED MONTHLY OWNER COSTS (SMOC)!!Less than $100
DP04_0102PMA,Annotation of Percent Margin of Error!!SELECTED MONTHLY OWNER COSTS (SMOC)!!Less than $100
DP04_0102PEA,Annotation of Percent!!SELECTED MONTHLY OWNER COSTS (SMOC)!!Less than $100
DP04_0103PE,Percent!!SELECTED MONTHLY OWNER COSTS (SMOC)!!$100 to $199
DP04_0103PEA,Annotation of Percent!!SELECTED MONTHLY OWNER COSTS (SMOC)!!$100 to $199
DP04_0103PM,Percent Margin of Error!!SELECTED MONTHLY OWNER COSTS (SMOC)!!$100 to $199
DP04_0103PMA,Annotation of Percent Margin of Error!!SELECTED MONTHLY OWNER COSTS (SMOC)!!$100 to $199
DP04_0103E,Estimate!!SELECTED MONTHLY OWNER COSTS (SMOC)!!$100 to $199
DP04_0103M,Estimate Margin of Error!!SELECTED MONTHLY OWNER COSTS (SMOC)!!$100 to $199
DP04_0103MA,Annotation of Estimate Margin of Error!!SELECTED MONTHLY OWNER COSTS (SMOC)!!$100 to $199
DP04_0103EA,Annotation of Estimate!!SELECTED MONTHLY OWNER COSTS (SMOC)!!$100 to $199
DP04_0104E,Estimate!!SELECTED MONTHLY OWNER COSTS (SMOC)!!$200 to $299
DP04_0104M,Estimate Margin of Error!!SELECTED MONTHLY OWNER COSTS (SMOC)!!$200 to $299
DP04_0104MA,Annotation of Estimate Margin of Error!!SELECTED MONTHLY OWNER COSTS (SMOC)!!$200 to $299
DP04_0104EA,Annotation of Estimate!!SELECTED MONTHLY OWNER COSTS (SMOC)!!$200 to $299
DP04_0104PE,Percent!!SELECTED MONTHLY OWNER COSTS (SMOC)!!$200 to $299
DP04_0104PEA,Annotation of Percent!!SELECTED MONTHLY OWNER COSTS (SMOC)!!$200 to $299
DP04_0104PM,Percent Margin of Error!!SELECTED MONTHLY OWNER COSTS (SMOC)!!$200 to $299
DP04_0104PMA,Annotation of Percent Margin of Error!!SELECTED MONTHLY OWNER COSTS (SMOC)!!$200 to $299
DP04_0105E,Estimate!!SELECTED MONTHLY OWNER COSTS (SMOC)!!$300 to $399
DP04_0105M,Estimate Margin of Error!!SELECTED MONTHLY OWNER COSTS (SMOC)!!$300 to $399
DP04_0105MA,Annotation of Estimate Margin of Error!!SELECTED MONTHLY OWNER COSTS (SMOC)!!$300 to $399
DP04_0105EA,Annotation of Estimate!!SELECTED MONTHLY OWNER COSTS (SMOC)!!$300 to $399
DP04_0105PE,Percent!!SELECTED MONTHLY OWNER COSTS (SMOC)!!$300 to $399
DP04_0105PM,Percent Margin of Error!!SELECTED MONTHLY OWNER COSTS (SMOC)!!$300 to $399
DP04_0105PMA,Annotation of Percent Margin of Error!!SELECTED MONTHLY OWNER COSTS (SMOC)!!$300 to $399
DP04_0105PEA,Annotation of Percent!!SELECTED MONTHLY OWNER COSTS (SMOC)!!$300 to $399
DP04_0106E,Estimate!!SELECTED MONTHLY OWNER COSTS (SMOC)!!$400 or more
DP04_0106EA,Annotation of Estimate!!SELECTED MONTHLY OWNER COSTS (SMOC)!!$400 or more
DP04_0106M,Estimate Margin of Error!!SELECTED MONTHLY OWNER COSTS (SMOC)!!$400 or more
DP04_0106MA,Annotation of Estimate Margin of Error!!SELECTED MONTHLY OWNER COSTS (SMOC)!!$400 or more
DP04_0106PE,Percent!!SELECTED MONTHLY OWNER COSTS (SMOC)!!$400 or more
DP04_0106PM,Percent Margin of Error!!SELECTED MONTHLY OWNER COSTS (SMOC)!!$400 or more
DP04_0106PMA,Annotation of Percent Margin of Error!!SELECTED MONTHLY OWNER COSTS (SMOC)!!$400 or more
DP04_0106PEA,Annotation of Percent!!SELECTED MONTHLY OWNER COSTS (SMOC)!!$400 or more
DP04_0107E,Estimate!!SELECTED MONTHLY OWNER COSTS (SMOC)!!Median (dollars)
DP04_0107M,Estimate Margin of Error!!SELECTED MONTHLY OWNER COSTS (SMOC)!!Median (dollars)
DP04_0107MA,Annotation of Estimate Margin of Error!!SELECTED MONTHLY OWNER COSTS (SMOC)!!Median (dollars)
DP04_0107EA,Annotation of Estimate!!SELECTED MONTHLY OWNER COSTS (SMOC)!!Median (dollars)
DP04_0107PE,Percent!!SELECTED MONTHLY OWNER COSTS (SMOC)!!Median (dollars)
DP04_0107PEA,Annotation of Percent!!SELECTED MONTHLY OWNER COSTS (SMOC)!!Median (dollars)
DP04_0107PM,Percent Margin of Error!!SELECTED MONTHLY OWNER COSTS (SMOC)!!Median (dollars)
DP04_0107PMA,Annotation of Percent Margin of Error!!SELECTED MONTHLY OWNER COSTS (SMOC)!!Median (dollars)
DP04_0108E,Estimate!!SELECTED MONTHLY OWNER COSTS AS A PERCENTAGE OF HOUSEHOLD INCOME (SMOCAPI)!!Housing units with a mortgage (excluding units where SMOCAPI cannot be computed)
DP04_0108M,Estimate Margin of Error!!SELECTED MONTHLY OWNER COSTS AS A PERCENTAGE OF HOUSEHOLD INCOME (SMOCAPI)!!Housing units with a mortgage (excluding units where SMOCAPI cannot be computed)
DP04_0108MA,Annotation of Estimate Margin of Error!!SELECTED MONTHLY OWNER COSTS AS A PERCENTAGE OF HOUSEHOLD INCOME (SMOCAPI)!!Housing units with a mortgage (excluding units where SMOCAPI cannot be computed)
DP04_0108EA,Annotation of Estimate!!SELECTED MONTHLY OWNER COSTS AS A PERCENTAGE OF HOUSEHOLD INCOME (SMOCAPI)!!Housing units with a mortgage (excluding units where SMOCAPI cannot be computed)
DP04_0108PE,Percent!!SELECTED MONTHLY OWNER COSTS AS A PERCENTAGE OF HOUSEHOLD INCOME (SMOCAPI)!!Housing units with a mortgage (excluding units where SMOCAPI cannot be computed)
DP04_0108PM,Percent Margin of Error!!SELECTED MONTHLY OWNER COSTS AS A PERCENTAGE OF HOUSEHOLD INCOME (SMOCAPI)!!Housing units with a mortgage (excluding units where SMOCAPI cannot be computed)
DP04_0108PMA,Annotation of Percent Margin of Error!!SELECTED MONTHLY OWNER COSTS AS A PERCENTAGE OF HOUSEHOLD INCOME (SMOCAPI)!!Housing units with a mortgage (excluding units where SMOCAPI cannot be computed)
DP04_0108PEA,Annotation of Percent!!SELECTED MONTHLY OWNER COSTS AS A PERCENTAGE OF HOUSEHOLD INCOME (SMOCAPI)!!Housing units with a mortgage (excluding units where SMOCAPI cannot be computed)
DP04_0109E,Estimate!!SELECTED MONTHLY OWNER COSTS AS A PERCENTAGE OF HOUSEHOLD INCOME (SMOCAPI)!!Less than 20.0 percent
DP04_0109EA,Annotation of Estimate!!SELECTED MONTHLY OWNER COSTS AS A PERCENTAGE OF HOUSEHOLD INCOME (SMOCAPI)!!Less than 20.0 percent
DP04_0109M,Estimate Margin of Error!!SELECTED MONTHLY OWNER COSTS AS A PERCENTAGE OF HOUSEHOLD INCOME (SMOCAPI)!!Less than 20.0 percent
DP04_0109MA,Annotation of Estimate Margin of Error!!SELECTED MONTHLY OWNER COSTS AS A PERCENTAGE OF HOUSEHOLD INCOME (SMOCAPI)!!Less than 20.0 percent
DP04_0109PE,Percent!!SELECTED MONTHLY OWNER COSTS AS A PERCENTAGE OF HOUSEHOLD INCOME (SMOCAPI)!!Less than 20.0 percent
DP04_0109PM,Percent Margin of Error!!SELECTED MONTHLY OWNER COSTS AS A PERCENTAGE OF HOUSEHOLD INCOME (SMOCAPI)!!Less than 20.0 percent
DP04_0109PMA,Annotation of Percent Margin of Error!!SELECTED MONTHLY OWNER COSTS AS A PERCENTAGE OF HOUSEHOLD INCOME (SMOCAPI)!!Less than 20.0 percent
DP04_0109PEA,Annotation of Percent!!SELECTED MONTHLY OWNER COSTS AS A PERCENTAGE OF HOUSEHOLD INCOME (SMOCAPI)!!Less than 20.0 percent
DP04_0110E,Estimate!!SELECTED MONTHLY OWNER COSTS AS A PERCENTAGE OF HOUSEHOLD INCOME (SMOCAPI)!!20.0 to 24.9 percent
DP04_0110EA,Annotation of Estimate!!SELECTED MONTHLY OWNER COSTS AS A PERCENTAGE OF HOUSEHOLD INCOME (SMOCAPI)!!20.0 to 24.9 percent
DP04_0110M,Estimate Margin of Error!!SELECTED MONTHLY OWNER COSTS AS A PERCENTAGE OF HOUSEHOLD INCOME (SMOCAPI)!!20.0 to 24.9 percent
DP04_0110MA,Annotation of Estimate Margin of Error!!SELECTED MONTHLY OWNER COSTS AS A PERCENTAGE OF HOUSEHOLD INCOME (SMOCAPI)!!20.0 to 24.9 percent
DP04_0110PE,Percent!!SELECTED MONTHLY OWNER COSTS AS A PERCENTAGE OF HOUSEHOLD INCOME (SMOCAPI)!!20.0 to 24.9 percent
DP04_0110PEA,Annotation of Percent!!SELECTED MONTHLY OWNER COSTS AS A PERCENTAGE OF HOUSEHOLD INCOME (SMOCAPI)!!20.0 to 24.9 percent
DP04_0110PM,Percent Margin of Error!!SELECTED MONTHLY OWNER COSTS AS A PERCENTAGE OF HOUSEHOLD INCOME (SMOCAPI)!!20.0 to 24.9 percent
DP04_0110PMA,Annotation of Percent Margin of Error!!SELECTED MONTHLY OWNER COSTS AS A PERCENTAGE OF HOUSEHOLD INCOME (SMOCAPI)!!20.0 to 24.9 percent
DP04_0111E,Estimate!!SELECTED MONTHLY OWNER COSTS AS A PERCENTAGE OF HOUSEHOLD INCOME (SMOCAPI)!!25.0 to 29.9 percent
DP04_0111M,Estimate Margin of Error!!SELECTED MONTHLY OWNER COSTS AS A PERCENTAGE OF HOUSEHOLD INCOME (SMOCAPI)!!25.0 to 29.9 percent
DP04_0111MA,Annotation of Estimate Margin of Error!!SELECTED MONTHLY OWNER COSTS AS A PERCENTAGE OF HOUSEHOLD INCOME (SMOCAPI)!!25.0 to 29.9 percent
DP04_0111EA,Annotation of Estimate!!SELECTED MONTHLY OWNER COSTS AS A PERCENTAGE OF HOUSEHOLD INCOME (SMOCAPI)!!25.0 to 29.9 percent
DP04_0111PE,Percent!!SELECTED MONTHLY OWNER COSTS AS A PERCENTAGE OF HOUSEHOLD INCOME (SMOCAPI)!!25.0 to 29.9 percent
DP04_0111PEA,Annotation of Percent!!SELECTED MONTHLY OWNER COSTS AS A PERCENTAGE OF HOUSEHOLD INCOME (SMOCAPI)!!25.0 to 29.9 percent
DP04_0111PM,Percent Margin of Error!!SELECTED MONTHLY OWNER COSTS AS A PERCENTAGE OF HOUSEHOLD INCOME (SMOCAPI)!!25.0 to 29.9 percent
DP04_0111PMA,Annotation of Percent Margin of Error!!SELECTED MONTHLY OWNER COSTS AS A PERCENTAGE OF HOUSEHOLD INCOME (SMOCAPI)!!25.0 to 29.9 percent
DP04_0112E,Estimate!!SELECTED MONTHLY OWNER COSTS AS A PERCENTAGE OF HOUSEHOLD INCOME (SMOCAPI)!!30.0 to 34.9 percent
DP04_0112M,Estimate Margin of Error!!SELECTED MONTHLY OWNER COSTS AS A PERCENTAGE OF HOUSEHOLD INCOME (SMOCAPI)!!30.0 to 34.9 percent
DP04_0112MA,Annotation of Estimate Margin of Error!!SELECTED MONTHLY OWNER COSTS AS A PERCENTAGE OF HOUSEHOLD INCOME (SMOCAPI)!!30.0 to 34.9 percent
DP04_0112EA,Annotation of Estimate!!SELECTED MONTHLY OWNER COSTS AS A PERCENTAGE OF HOUSEHOLD INCOME (SMOCAPI)!!30.0 to 34.9 percent
DP04_0112PE,Percent!!SELECTED MONTHLY OWNER COSTS AS A PERCENTAGE OF HOUSEHOLD INCOME (SMOCAPI)!!30.0 to 34.9 percent
DP04_0112PEA,Annotation of Percent!!SELECTED MONTHLY OWNER COSTS AS A PERCENTAGE OF HOUSEHOLD INCOME (SMOCAPI)!!30.0 to 34.9 percent
DP04_0112PM,Percent Margin of Error!!SELECTED MONTHLY OWNER COSTS AS A PERCENTAGE OF HOUSEHOLD INCOME (SMOCAPI)!!30.0 to 34.9 percent
DP04_0112PMA,Annotation of Percent Margin of Error!!SELECTED MONTHLY OWNER COSTS AS A PERCENTAGE OF HOUSEHOLD INCOME (SMOCAPI)!!30.0 to 34.9 percent
DP04_0113E,Estimate!!SELECTED MONTHLY OWNER COSTS AS A PERCENTAGE OF HOUSEHOLD INCOME (SMOCAPI)!!35.0 percent or more
DP04_0113EA,Annotation of Estimate!!SELECTED MONTHLY OWNER COSTS AS A PERCENTAGE OF HOUSEHOLD INCOME (SMOCAPI)!!35.0 percent or more
DP04_0113M,Estimate Margin of Error!!SELECTED MONTHLY OWNER COSTS AS A PERCENTAGE OF HOUSEHOLD INCOME (SMOCAPI)!!35.0 percent or more
DP04_0113MA,Annotation of Estimate Margin of Error!!SELECTED MONTHLY OWNER COSTS AS A PERCENTAGE OF HOUSEHOLD INCOME (SMOCAPI)!!35.0 percent or more
DP04_0113PE,Percent!!SELECTED MONTHLY OWNER COSTS AS A PERCENTAGE OF HOUSEHOLD INCOME (SMOCAPI)!!35.0 percent or more
DP04_0113PEA,Annotation of Percent!!SELECTED MONTHLY OWNER COSTS AS A PERCENTAGE OF HOUSEHOLD INCOME (SMOCAPI)!!35.0 percent or more
DP04_0113PM,Percent Margin of Error!!SELECTED MONTHLY OWNER COSTS AS A PERCENTAGE OF HOUSEHOLD INCOME (SMOCAPI)!!35.0 percent or more
DP04_0113PMA,Annotation of Percent Margin of Error!!SELECTED MONTHLY OWNER COSTS AS A PERCENTAGE OF HOUSEHOLD INCOME (SMOCAPI)!!35.0 percent or more
DP04_0114E,Estimate!!SELECTED MONTHLY OWNER COSTS AS A PERCENTAGE OF HOUSEHOLD INCOME (SMOCAPI)!!Not computed
DP04_0114M,Estimate Margin of Error!!SELECTED MONTHLY OWNER COSTS AS A PERCENTAGE OF HOUSEHOLD INCOME (SMOCAPI)!!Not computed
DP04_0114MA,Annotation of Estimate Margin of Error!!SELECTED MONTHLY OWNER COSTS AS A PERCENTAGE OF HOUSEHOLD INCOME (SMOCAPI)!!Not computed
DP04_0114EA,Annotation of Estimate!!SELECTED MONTHLY OWNER COSTS AS A PERCENTAGE OF HOUSEHOLD INCOME (SMOCAPI)!!Not computed
DP04_0114PE,Percent!!SELECTED MONTHLY OWNER COSTS AS A PERCENTAGE OF HOUSEHOLD INCOME (SMOCAPI)!!Not computed
DP04_0114PM,Percent Margin of Error!!SELECTED MONTHLY OWNER COSTS AS A PERCENTAGE OF HOUSEHOLD INCOME (SMOCAPI)!!Not computed
DP04_0114PMA,Annotation of Percent Margin of Error!!SELECTED MONTHLY OWNER COSTS AS A PERCENTAGE OF HOUSEHOLD INCOME (SMOCAPI)!!Not computed
DP04_0114PEA,Annotation of Percent!!SELECTED MONTHLY OWNER COSTS AS A PERCENTAGE OF HOUSEHOLD INCOME (SMOCAPI)!!Not computed
DP04_0115E,Estimate!!SELECTED MONTHLY OWNER COSTS AS A PERCENTAGE OF HOUSEHOLD INCOME (SMOCAPI)!!Housing unit without a mortgage (excluding units where SMOCAPI cannot be computed)
DP04_0115EA,Annotation of Estimate!!SELECTED MONTHLY OWNER COSTS AS A PERCENTAGE OF HOUSEHOLD INCOME (SMOCAPI)!!Housing unit without a mortgage (excluding units where SMOCAPI cannot be computed)
DP04_0115M,Estimate Margin of Error!!SELECTED MONTHLY OWNER COSTS AS A PERCENTAGE OF HOUSEHOLD INCOME (SMOCAPI)!!Housing unit without a mortgage (excluding units where SMOCAPI cannot be computed)
DP04_0115MA,Annotation of Estimate Margin of Error!!SELECTED MONTHLY OWNER COSTS AS A PERCENTAGE OF HOUSEHOLD INCOME (SMOCAPI)!!Housing unit without a mortgage (excluding units where SMOCAPI cannot be computed)
DP04_0115PE,Percent!!SELECTED MONTHLY OWNER COSTS AS A PERCENTAGE OF HOUSEHOLD INCOME (SMOCAPI)!!Housing unit without a mortgage (excluding units where SMOCAPI cannot be computed)
DP04_0115PEA,Annotation of Percent!!SELECTED MONTHLY OWNER COSTS AS A PERCENTAGE OF HOUSEHOLD INCOME (SMOCAPI)!!Housing unit without a mortgage (excluding units where SMOCAPI cannot be computed)
DP04_0115PM,Percent Margin of Error!!SELECTED MONTHLY OWNER COSTS AS A PERCENTAGE OF HOUSEHOLD INCOME (SMOCAPI)!!Housing unit without a mortgage (excluding units where SMOCAPI cannot be computed)
DP04_0115PMA,Annotation of Percent Margin of Error!!SELECTED MONTHLY OWNER COSTS AS A PERCENTAGE OF HOUSEHOLD INCOME (SMOCAPI)!!Housing unit without a mortgage (excluding units where SMOCAPI cannot be computed)
DP04_0116E,Estimate!!SELECTED MONTHLY OWNER COSTS AS A PERCENTAGE OF HOUSEHOLD INCOME (SMOCAPI)!!Less than 10.0 percent
DP04_0116EA,Annotation of Estimate!!SELECTED MONTHLY OWNER COSTS AS A PERCENTAGE OF HOUSEHOLD INCOME (SMOCAPI)!!Less than 10.0 percent
DP04_0116M,Estimate Margin of Error!!SELECTED MONTHLY OWNER COSTS AS A PERCENTAGE OF HOUSEHOLD INCOME (SMOCAPI)!!Less than 10.0 percent
DP04_0116MA,Annotation of Estimate Margin of Error!!SELECTED MONTHLY OWNER COSTS AS A PERCENTAGE OF HOUSEHOLD INCOME (SMOCAPI)!!Less than 10.0 percent
DP04_0116PE,Percent!!SELECTED MONTHLY OWNER COSTS AS A PERCENTAGE OF HOUSEHOLD INCOME (SMOCAPI)!!Less than 10.0 percent
DP04_0116PM,Percent Margin of Error!!SELECTED MONTHLY OWNER COSTS AS A PERCENTAGE OF HOUSEHOLD INCOME (SMOCAPI)!!Less than 10.0 percent
DP04_0116PMA,Annotation of Percent Margin of Error!!SELECTED MONTHLY OWNER COSTS AS A PERCENTAGE OF HOUSEHOLD INCOME (SMOCAPI)!!Less than 10.0 percent
DP04_0116PEA,Annotation of Percent!!SELECTED MONTHLY OWNER COSTS AS A PERCENTAGE OF HOUSEHOLD INCOME (SMOCAPI)!!Less than 10.0 percent
DP04_0117E,Estimate!!SELECTED MONTHLY OWNER COSTS AS A PERCENTAGE OF HOUSEHOLD INCOME (SMOCAPI)!!10.0 to 14.9 percent
DP04_0117M,Estimate Margin of Error!!SELECTED MONTHLY OWNER COSTS AS A PERCENTAGE OF HOUSEHOLD INCOME (SMOCAPI)!!10.0 to 14.9 percent
DP04_0117MA,Annotation of Estimate Margin of Error!!SELECTED MONTHLY OWNER COSTS AS A PERCENTAGE OF HOUSEHOLD INCOME (SMOCAPI)!!10.0 to 14.9 percent
DP04_0117EA,Annotation of Estimate!!SELECTED MONTHLY OWNER COSTS AS A PERCENTAGE OF HOUSEHOLD INCOME (SMOCAPI)!!10.0 to 14.9 percent
DP04_0117PE,Percent!!SELECTED MONTHLY OWNER COSTS AS A PERCENTAGE OF HOUSEHOLD INCOME (SMOCAPI)!!10.0 to 14.9 percent
DP04_0117PM,Percent Margin of Error!!SELECTED MONTHLY OWNER COSTS AS A PERCENTAGE OF HOUSEHOLD INCOME (SMOCAPI)!!10.0 to 14.9 percent
DP04_0117PMA,Annotation of Percent Margin of Error!!SELECTED MONTHLY OWNER COSTS AS A PERCENTAGE OF HOUSEHOLD INCOME (SMOCAPI)!!10.0 to 14.9 percent
DP04_0117PEA,Annotation of Percent!!SELECTED MONTHLY OWNER COSTS AS A PERCENTAGE OF HOUSEHOLD INCOME (SMOCAPI)!!10.0 to 14.9 percent
DP04_0118E,Estimate!!SELECTED MONTHLY OWNER COSTS AS A PERCENTAGE OF HOUSEHOLD INCOME (SMOCAPI)!!15.0 to 19.9 percent
DP04_0118EA,Annotation of Estimate!!SELECTED MONTHLY OWNER COSTS AS A PERCENTAGE OF HOUSEHOLD INCOME (SMOCAPI)!!15.0 to 19.9 percent
DP04_0118M,Estimate Margin of Error!!SELECTED MONTHLY OWNER COSTS AS A PERCENTAGE OF HOUSEHOLD INCOME (SMOCAPI)!!15.0 to 19.9 percent
DP04_0118MA,Annotation of Estimate Margin of Error!!SELECTED MONTHLY OWNER COSTS AS A PERCENTAGE OF HOUSEHOLD INCOME (SMOCAPI)!!15.0 to 19.9 percent
DP04_0118PE,Percent!!SELECTED MONTHLY OWNER COSTS AS A PERCENTAGE OF HOUSEHOLD INCOME (SMOCAPI)!!15.0 to 19.9 percent
DP04_0118PEA,Annotation of Percent!!SELECTED MONTHLY OWNER COSTS AS A PERCENTAGE OF HOUSEHOLD INCOME (SMOCAPI)!!15.0 to 19.9 percent
DP04_0118PM,Percent Margin of Error!!SELECTED MONTHLY OWNER COSTS AS A PERCENTAGE OF HOUSEHOLD INCOME (SMOCAPI)!!15.0 to 19.9 percent
DP04_0118PMA,Annotation of Percent Margin of Error!!SELECTED MONTHLY OWNER COSTS AS A PERCENTAGE OF HOUSEHOLD INCOME (SMOCAPI)!!15.0 to 19.9 percent
DP04_0119M,Estimate Margin of Error!!SELECTED MONTHLY OWNER COSTS AS A PERCENTAGE OF HOUSEHOLD INCOME (SMOCAPI)!!20.0 to 24.9 percent
DP04_0119MA,Annotation of Estimate Margin of Error!!SELECTED MONTHLY OWNER COSTS AS A PERCENTAGE OF HOUSEHOLD INCOME (SMOCAPI)!!20.0 to 24.9 percent
DP04_0119PE,Percent!!SELECTED MONTHLY OWNER COSTS AS A PERCENTAGE OF HOUSEHOLD INCOME (SMOCAPI)!!20.0 to 24.9 percent
DP04_0119PM,Percent Margin of Error!!SELECTED MONTHLY OWNER COSTS AS A PERCENTAGE OF HOUSEHOLD INCOME (SMOCAPI)!!20.0 to 24.9 percent
DP04_0119PMA,Annotation of Percent Margin of Error!!SELECTED MONTHLY OWNER COSTS AS A PERCENTAGE OF HOUSEHOLD INCOME (SMOCAPI)!!20.0 to 24.9 percent
DP04_0119PEA,Annotation of Percent!!SELECTED MONTHLY OWNER COSTS AS A PERCENTAGE OF HOUSEHOLD INCOME (SMOCAPI)!!20.0 to 24.9 percent
DP04_0119E,Estimate!!SELECTED MONTHLY OWNER COSTS AS A PERCENTAGE OF HOUSEHOLD INCOME (SMOCAPI)!!20.0 to 24.9 percent
DP04_0119EA,Annotation of Estimate!!SELECTED MONTHLY OWNER COSTS AS A PERCENTAGE OF HOUSEHOLD INCOME (SMOCAPI)!!20.0 to 24.9 percent
DP04_0120E,Estimate!!SELECTED MONTHLY OWNER COSTS AS A PERCENTAGE OF HOUSEHOLD INCOME (SMOCAPI)!!25.0 to 29.9 percent
DP04_0120M,Estimate Margin of Error!!SELECTED MONTHLY OWNER COSTS AS A PERCENTAGE OF HOUSEHOLD INCOME (SMOCAPI)!!25.0 to 29.9 percent
DP04_0120MA,Annotation of Estimate Margin of Error!!SELECTED MONTHLY OWNER COSTS AS A PERCENTAGE OF HOUSEHOLD INCOME (SMOCAPI)!!25.0 to 29.9 percent
DP04_0120EA,Annotation of Estimate!!SELECTED MONTHLY OWNER COSTS AS A PERCENTAGE OF HOUSEHOLD INCOME (SMOCAPI)!!25.0 to 29.9 percent
DP04_0120PE,Percent!!SELECTED MONTHLY OWNER COSTS AS A PERCENTAGE OF HOUSEHOLD INCOME (SMOCAPI)!!25.0 to 29.9 percent
DP04_0120PEA,Annotation of Percent!!SELECTED MONTHLY OWNER COSTS AS A PERCENTAGE OF HOUSEHOLD INCOME (SMOCAPI)!!25.0 to 29.9 percent
DP04_0120PM,Percent Margin of Error!!SELECTED MONTHLY OWNER COSTS AS A PERCENTAGE OF HOUSEHOLD INCOME (SMOCAPI)!!25.0 to 29.9 percent
DP04_0120PMA,Annotation of Percent Margin of Error!!SELECTED MONTHLY OWNER COSTS AS A PERCENTAGE OF HOUSEHOLD INCOME (SMOCAPI)!!25.0 to 29.9 percent
DP04_0121E,Estimate!!SELECTED MONTHLY OWNER COSTS AS A PERCENTAGE OF HOUSEHOLD INCOME (SMOCAPI)!!30.0 to 34.9 percent
DP04_0121EA,Annotation of Estimate!!SELECTED MONTHLY OWNER COSTS AS A PERCENTAGE OF HOUSEHOLD INCOME (SMOCAPI)!!30.0 to 34.9 percent
DP04_0121M,Estimate Margin of Error!!SELECTED MONTHLY OWNER COSTS AS A PERCENTAGE OF HOUSEHOLD INCOME (SMOCAPI)!!30.0 to 34.9 percent
DP04_0121MA,Annotation of Estimate Margin of Error!!SELECTED MONTHLY OWNER COSTS AS A PERCENTAGE OF HOUSEHOLD INCOME (SMOCAPI)!!30.0 to 34.9 percent
DP04_0121PE,Percent!!SELECTED MONTHLY OWNER COSTS AS A PERCENTAGE OF HOUSEHOLD INCOME (SMOCAPI)!!30.0 to 34.9 percent
DP04_0121PEA,Annotation of Percent!!SELECTED MONTHLY OWNER COSTS AS A PERCENTAGE OF HOUSEHOLD INCOME (SMOCAPI)!!30.0 to 34.9 percent
DP04_0121PM,Percent Margin of Error!!SELECTED MONTHLY OWNER COSTS AS A PERCENTAGE OF HOUSEHOLD INCOME (SMOCAPI)!!30.0 to 34.9 percent
DP04_0121PMA,Annotation of Percent Margin of Error!!SELECTED MONTHLY OWNER COSTS AS A PERCENTAGE OF HOUSEHOLD INCOME (SMOCAPI)!!30.0 to 34.9 percent
DP04_0122E,Estimate!!SELECTED MONTHLY OWNER COSTS AS A PERCENTAGE OF HOUSEHOLD INCOME (SMOCAPI)!!35.0 percent or more
DP04_0122M,Estimate Margin of Error!!SELECTED MONTHLY OWNER COSTS AS A PERCENTAGE OF HOUSEHOLD INCOME (SMOCAPI)!!35.0 percent or more
DP04_0122MA,Annotation of Estimate Margin of Error!!SELECTED MONTHLY OWNER COSTS AS A PERCENTAGE OF HOUSEHOLD INCOME (SMOCAPI)!!35.0 percent or more
DP04_0122EA,Annotation of Estimate!!SELECTED MONTHLY OWNER COSTS AS A PERCENTAGE OF HOUSEHOLD INCOME (SMOCAPI)!!35.0 percent or more
DP04_0122PE,Percent!!SELECTED MONTHLY OWNER COSTS AS A PERCENTAGE OF HOUSEHOLD INCOME (SMOCAPI)!!35.0 percent or more
DP04_0122PEA,Annotation of Percent!!SELECTED MONTHLY OWNER COSTS AS A PERCENTAGE OF HOUSEHOLD INCOME (SMOCAPI)!!35.0 percent or more
DP04_0122PM,Percent Margin of Error!!SELECTED MONTHLY OWNER COSTS AS A PERCENTAGE OF HOUSEHOLD INCOME (SMOCAPI)!!35.0 percent or more
DP04_0122PMA,Annotation of Percent Margin of Error!!SELECTED MONTHLY OWNER COSTS AS A PERCENTAGE OF HOUSEHOLD INCOME (SMOCAPI)!!35.0 percent or more
DP04_0123E,Estimate!!SELECTED MONTHLY OWNER COSTS AS A PERCENTAGE OF HOUSEHOLD INCOME (SMOCAPI)!!Not computed
DP04_0123M,Estimate Margin of Error!!SELECTED MONTHLY OWNER COSTS AS A PERCENTAGE OF HOUSEHOLD INCOME (SMOCAPI)!!Not computed
DP04_0123MA,Annotation of Estimate Margin of Error!!SELECTED MONTHLY OWNER COSTS AS A PERCENTAGE OF HOUSEHOLD INCOME (SMOCAPI)!!Not computed
DP04_0123EA,Annotation of Estimate!!SELECTED MONTHLY OWNER COSTS AS A PERCENTAGE OF HOUSEHOLD INCOME (SMOCAPI)!!Not computed
DP04_0123PE,Percent!!SELECTED MONTHLY OWNER COSTS AS A PERCENTAGE OF HOUSEHOLD INCOME (SMOCAPI)!!Not computed
DP04_0123PEA,Annotation of Percent!!SELECTED MONTHLY OWNER COSTS AS A PERCENTAGE OF HOUSEHOLD INCOME (SMOCAPI)!!Not computed
DP04_0123PM,Percent Margin of Error!!SELECTED MONTHLY OWNER COSTS AS A PERCENTAGE OF HOUSEHOLD INCOME (SMOCAPI)!!Not computed
DP04_0123PMA,Annotation of Percent Margin of Error!!SELECTED MONTHLY OWNER COSTS AS A PERCENTAGE OF HOUSEHOLD INCOME (SMOCAPI)!!Not computed
DP04_0124E,Estimate!!GROSS RENT!!Occupied units paying rent
DP04_0124EA,Annotation of Estimate!!GROSS RENT!!Occupied units paying rent
DP04_0124M,Estimate Margin of Error!!GROSS RENT!!Occupied units paying rent
DP04_0124MA,Annotation of Estimate Margin of Error!!GROSS RENT!!Occupied units paying rent
DP04_0124PE,Percent!!GROSS RENT!!Occupied units paying rent
DP04_0124PM,Percent Margin of Error!!GROSS RENT!!Occupied units paying rent
DP04_0124PMA,Annotation of Percent Margin of Error!!GROSS RENT!!Occupied units paying rent
DP04_0124PEA,Annotation of Percent!!GROSS RENT!!Occupied units paying rent
DP04_0125E,Estimate!!GROSS RENT!!Less than $200
DP04_0125EA,Annotation of Estimate!!GROSS RENT!!Less than $200
DP04_0125M,Estimate Margin of Error!!GROSS RENT!!Less than $200
DP04_0125MA,Annotation of Estimate Margin of Error!!GROSS RENT!!Less than $200
DP04_0125PE,Percent!!GROSS RENT!!Less than $200
DP04_0125PM,Percent Margin of Error!!GROSS RENT!!Less than $200
DP04_0125PMA,Annotation of Percent Margin of Error!!GROSS RENT!!Less than $200
DP04_0125PEA,Annotation of Percent!!GROSS RENT!!Less than $200
DP04_0126E,Estimate!!GROSS RENT!!$200 to $299
DP04_0126EA,Annotation of Estimate!!GROSS RENT!!$200 to $299
DP04_0126M,Estimate Margin of Error!!GROSS RENT!!$200 to $299
DP04_0126MA,Annotation of Estimate Margin of Error!!GROSS RENT!!$200 to $299
DP04_0126PE,Percent!!GROSS RENT!!$200 to $299
DP04_0126PEA,Annotation of Percent!!GROSS RENT!!$200 to $299
DP04_0126PM,Percent Margin of Error!!GROSS RENT!!$200 to $299
DP04_0126PMA,Annotation of Percent Margin of Error!!GROSS RENT!!$200 to $299
DP04_0127E,Estimate!!GROSS RENT!!$300 to $499
DP04_0127M,Estimate Margin of Error!!GROSS RENT!!$300 to $499
DP04_0127MA,Annotation of Estimate Margin of Error!!GROSS RENT!!$300 to $499
DP04_0127EA,Annotation of Estimate!!GROSS RENT!!$300 to $499
DP04_0127PE,Percent!!GROSS RENT!!$300 to $499
DP04_0127PM,Percent Margin of Error!!GROSS RENT!!$300 to $499
DP04_0127PMA,Annotation of Percent Margin of Error!!GROSS RENT!!$300 to $499
DP04_0127PEA,Annotation of Percent!!GROSS RENT!!$300 to $499
DP04_0128E,Estimate!!GROSS RENT!!$500 to $749
DP04_0128M,Estimate Margin of Error!!GROSS RENT!!$500 to $749
DP04_0128MA,Annotation of Estimate Margin of Error!!GROSS RENT!!$500 to $749
DP04_0128EA,Annotation of Estimate!!GROSS RENT!!$500 to $749
DP04_0128PE,Percent!!GROSS RENT!!$500 to $749
DP04_0128PM,Percent Margin of Error!!GROSS RENT!!$500 to $749
DP04_0128PMA,Annotation of Percent Margin of Error!!GROSS RENT!!$500 to $749
DP04_0128PEA,Annotation of Percent!!GROSS RENT!!$500 to $749
DP04_0129E,Estimate!!GROSS RENT!!$750 to $999
DP04_0129M,Estimate Margin of Error!!GROSS RENT!!$750 to $999
DP04_0129MA,Annotation of Estimate Margin of Error!!GROSS RENT!!$750 to $999
DP04_0129EA,Annotation of Estimate!!GROSS RENT!!$750 to $999
DP04_0129PE,Percent!!GROSS RENT!!$750 to $999
DP04_0129PEA,Annotation of Percent!!GROSS RENT!!$750 to $999
DP04_0129PM,Percent Margin of Error!!GROSS RENT!!$750 to $999
DP04_0129PMA,Annotation of Percent Margin of Error!!GROSS RENT!!$750 to $999
DP04_0130E,"Estimate!!GROSS RENT!!$1,000 to $1,499"
DP04_0130M,"Estimate Margin of Error!!GROSS RENT!!$1,000 to $1,499"
DP04_0130MA,"Annotation of Estimate Margin of Error!!GROSS RENT!!$1,000 to $1,499"
DP04_0130EA,"Annotation of Estimate!!GROSS RENT!!$1,000 to $1,499"
DP04_0130PE,"Percent!!GROSS RENT!!$1,000 to $1,499"
DP04_0130PM,"Percent Margin of Error!!GROSS RENT!!$1,000 to $1,499"
DP04_0130PMA,"Annotation of Percent Margin of Error!!GROSS RENT!!$1,000 to $1,499"
DP04_0130PEA,"Annotation of Percent!!GROSS RENT!!$1,000 to $1,499"
DP04_0131E,"Estimate!!GROSS RENT!!$1,500 or more"
DP04_0131M,"Estimate Margin of Error!!GROSS RENT!!$1,500 or more"
DP04_0131MA,"Annotation of Estimate Margin of Error!!GROSS RENT!!$1,500 or more"
DP04_0131EA,"Annotation of Estimate!!GROSS RENT!!$1,500 or more"
DP04_0131PE,"Percent!!GROSS RENT!!$1,500 or more"
DP04_0131PM,"Percent Margin of Error!!GROSS RENT!!$1,500 or more"
DP04_0131PMA,"Annotation of Percent Margin of Error!!GROSS RENT!!$1,500 or more"
DP04_0131PEA,"Annotation of Percent!!GROSS RENT!!$1,500 or more"
DP04_0132E,Estimate!!GROSS RENT!!Median (dollars)
DP04_0132EA,Annotation of Estimate!!GROSS RENT!!Median (dollars)
DP04_0132M,Estimate Margin of Error!!GROSS RENT!!Median (dollars)
DP04_0132MA,Annotation of Estimate Margin of Error!!GROSS RENT!!Median (dollars)
DP04_0132PE,Percent!!GROSS RENT!!Median (dollars)
DP04_0132PM,Percent Margin of Error!!GROSS RENT!!Median (dollars)
DP04_0132PMA,Annotation of Percent Margin of Error!!GROSS RENT!!Median (dollars)
DP04_0132PEA,Annotation of Percent!!GROSS RENT!!Median (dollars)
DP04_0133E,Estimate!!GROSS RENT!!No rent paid
DP04_0133M,Estimate Margin of Error!!GROSS RENT!!No rent paid
DP04_0133MA,Annotation of Estimate Margin of Error!!GROSS RENT!!No rent paid
DP04_0133EA,Annotation of Estimate!!GROSS RENT!!No rent paid
DP04_0133PE,Percent!!GROSS RENT!!No rent paid
DP04_0133PM,Percent Margin of Error!!GROSS RENT!!No rent paid
DP04_0133PMA,Annotation of Percent Margin of Error!!GROSS RENT!!No rent paid
DP04_0133PEA,Annotation of Percent!!GROSS RENT!!No rent paid
DP04_0134PM,Percent Margin of Error!!GROSS RENT AS A PERCENTAGE OF HOUSEHOLD INCOME (GRAPI)!!Occupied units paying rent (excluding units where GRAPI cannot be computed)
DP04_0134PMA,Annotation of Percent Margin of Error!!GROSS RENT AS A PERCENTAGE OF HOUSEHOLD INCOME (GRAPI)!!Occupied units paying rent (excluding units where GRAPI cannot be computed)
DP04_0134E,Estimate!!GROSS RENT AS A PERCENTAGE OF HOUSEHOLD INCOME (GRAPI)!!Occupied units paying rent (excluding units where GRAPI cannot be computed)
DP04_0134M,Estimate Margin of Error!!GROSS RENT AS A PERCENTAGE OF HOUSEHOLD INCOME (GRAPI)!!Occupied units paying rent (excluding units where GRAPI cannot be computed)
DP04_0134MA,Annotation of Estimate Margin of Error!!GROSS RENT AS A PERCENTAGE OF HOUSEHOLD INCOME (GRAPI)!!Occupied units paying rent (excluding units where GRAPI cannot be computed)
DP04_0134EA,Annotation of Estimate!!GROSS RENT AS A PERCENTAGE OF HOUSEHOLD INCOME (GRAPI)!!Occupied units paying rent (excluding units where GRAPI cannot be computed)
DP04_0134PE,Percent!!GROSS RENT AS A PERCENTAGE OF HOUSEHOLD INCOME (GRAPI)!!Occupied units paying rent (excluding units where GRAPI cannot be computed)
DP04_0134PEA,Annotation of Percent!!GROSS RENT AS A PERCENTAGE OF HOUSEHOLD INCOME (GRAPI)!!Occupied units paying rent (excluding units where GRAPI cannot be computed)
DP04_0135E,Estimate!!GROSS RENT AS A PERCENTAGE OF HOUSEHOLD INCOME (GRAPI)!!Less than 15.0 percent
DP04_0135EA,Annotation of Estimate!!GROSS RENT AS A PERCENTAGE OF HOUSEHOLD INCOME (GRAPI)!!Less than 15.0 percent
DP04_0135M,Estimate Margin of Error!!GROSS RENT AS A PERCENTAGE OF HOUSEHOLD INCOME (GRAPI)!!Less than 15.0 percent
DP04_0135MA,Annotation of Estimate Margin of Error!!GROSS RENT AS A PERCENTAGE OF HOUSEHOLD INCOME (GRAPI)!!Less than 15.0 percent
DP04_0135PE,Percent!!GROSS RENT AS A PERCENTAGE OF HOUSEHOLD INCOME (GRAPI)!!Less than 15.0 percent
DP04_0135PEA,Annotation of Percent!!GROSS RENT AS A PERCENTAGE OF HOUSEHOLD INCOME (GRAPI)!!Less than 15.0 percent
DP04_0135PM,Percent Margin of Error!!GROSS RENT AS A PERCENTAGE OF HOUSEHOLD INCOME (GRAPI)!!Less than 15.0 percent
DP04_0135PMA,Annotation of Percent Margin of Error!!GROSS RENT AS A PERCENTAGE OF HOUSEHOLD INCOME (GRAPI)!!Less than 15.0 percent
DP04_0136E,Estimate!!GROSS RENT AS A PERCENTAGE OF HOUSEHOLD INCOME (GRAPI)!!15.0 to 19.9 percent
DP04_0136M,Estimate Margin of Error!!GROSS RENT AS A PERCENTAGE OF HOUSEHOLD INCOME (GRAPI)!!15.0 to 19.9 percent
DP04_0136MA,Annotation of Estimate Margin of Error!!GROSS RENT AS A PERCENTAGE OF HOUSEHOLD INCOME (GRAPI)!!15.0 to 19.9 percent
DP04_0136EA,Annotation of Estimate!!GROSS RENT AS A PERCENTAGE OF HOUSEHOLD INCOME (GRAPI)!!15.0 to 19.9 percent
DP04_0136PE,Percent!!GROSS RENT AS A PERCENTAGE OF HOUSEHOLD INCOME (GRAPI)!!15.0 to 19.9 percent
DP04_0136PEA,Annotation of Percent!!GROSS RENT AS A PERCENTAGE OF HOUSEHOLD INCOME (GRAPI)!!15.0 to 19.9 percent
DP04_0136PM,Percent Margin of Error!!GROSS RENT AS A PERCENTAGE OF HOUSEHOLD INCOME (GRAPI)!!15.0 to 19.9 percent
DP04_0136PMA,Annotation of Percent Margin of Error!!GROSS RENT AS A PERCENTAGE OF HOUSEHOLD INCOME (GRAPI)!!15.0 to 19.9 percent
DP04_0137E,Estimate!!GROSS RENT AS A PERCENTAGE OF HOUSEHOLD INCOME (GRAPI)!!20.0 to 24.9 percent
DP04_0137M,Estimate Margin of Error!!GROSS RENT AS A PERCENTAGE OF HOUSEHOLD INCOME (GRAPI)!!20.0 to 24.9 percent
DP04_0137MA,Annotation of Estimate Margin of Error!!GROSS RENT AS A PERCENTAGE OF HOUSEHOLD INCOME (GRAPI)!!20.0 to 24.9 percent
DP04_0137EA,Annotation of Estimate!!GROSS RENT AS A PERCENTAGE OF HOUSEHOLD INCOME (GRAPI)!!20.0 to 24.9 percent
DP04_0137PE,Percent!!GROSS RENT AS A PERCENTAGE OF HOUSEHOLD INCOME (GRAPI)!!20.0 to 24.9 percent
DP04_0137PEA,Annotation of Percent!!GROSS RENT AS A PERCENTAGE OF HOUSEHOLD INCOME (GRAPI)!!20.0 to 24.9 percent
DP04_0137PM,Percent Margin of Error!!GROSS RENT AS A PERCENTAGE OF HOUSEHOLD INCOME (GRAPI)!!20.0 to 24.9 percent
DP04_0137PMA,Annotation of Percent Margin of Error!!GROSS RENT AS A PERCENTAGE OF HOUSEHOLD INCOME (GRAPI)!!20.0 to 24.9 percent
DP04_0138E,Estimate!!GROSS RENT AS A PERCENTAGE OF HOUSEHOLD INCOME (GRAPI)!!25.0 to 29.9 percent
DP04_0138EA,Annotation of Estimate!!GROSS RENT AS A PERCENTAGE OF HOUSEHOLD INCOME (GRAPI)!!25.0 to 29.9 percent
DP04_0138M,Estimate Margin of Error!!GROSS RENT AS A PERCENTAGE OF HOUSEHOLD INCOME (GRAPI)!!25.0 to 29.9 percent
DP04_0138MA,Annotation of Estimate Margin of Error!!GROSS RENT AS A PERCENTAGE OF HOUSEHOLD INCOME (GRAPI)!!25.0 to 29.9 percent
DP04_0138PE,Percent!!GROSS RENT AS A PERCENTAGE OF HOUSEHOLD INCOME (GRAPI)!!25.0 to 29.9 percent
DP04_0138PM,Percent Margin of Error!!GROSS RENT AS A PERCENTAGE OF HOUSEHOLD INCOME (GRAPI)!!25.0 to 29.9 percent
DP04_0138PMA,Annotation of Percent Margin of Error!!GROSS RENT AS A PERCENTAGE OF HOUSEHOLD INCOME (GRAPI)!!25.0 to 29.9 percent
DP04_0138PEA,Annotation of Percent!!GROSS RENT AS A PERCENTAGE OF HOUSEHOLD INCOME (GRAPI)!!25.0 to 29.9 percent
DP04_0139E,Estimate!!GROSS RENT AS A PERCENTAGE OF HOUSEHOLD INCOME (GRAPI)!!30.0 to 34.9 percent
DP04_0139EA,Annotation of Estimate!!GROSS RENT AS A PERCENTAGE OF HOUSEHOLD INCOME (GRAPI)!!30.0 to 34.9 percent
DP04_0139M,Estimate Margin of Error!!GROSS RENT AS A PERCENTAGE OF HOUSEHOLD INCOME (GRAPI)!!30.0 to 34.9 percent
DP04_0139MA,Annotation of Estimate Margin of Error!!GROSS RENT AS A PERCENTAGE OF HOUSEHOLD INCOME (GRAPI)!!30.0 to 34.9 percent
DP04_0139PE,Percent!!GROSS RENT AS A PERCENTAGE OF HOUSEHOLD INCOME (GRAPI)!!30.0 to 34.9 percent
DP04_0139PM,Percent Margin of Error!!GROSS RENT AS A PERCENTAGE OF HOUSEHOLD INCOME (GRAPI)!!30.0 to 34.9 percent
DP04_0139PMA,Annotation of Percent Margin of Error!!GROSS RENT AS A PERCENTAGE OF HOUSEHOLD INCOME (GRAPI)!!30.0 to 34.9 percent
DP04_0139PEA,Annotation of Percent!!GROSS RENT AS A PERCENTAGE OF HOUSEHOLD INCOME (GRAPI)!!30.0 to 34.9 percent
DP04_0140E,Estimate!!GROSS RENT AS A PERCENTAGE OF HOUSEHOLD INCOME (GRAPI)!!35.0 percent or more
DP04_0140EA,Annotation of Estimate!!GROSS RENT AS A PERCENTAGE OF HOUSEHOLD INCOME (GRAPI)!!35.0 percent or more
DP04_0140M,Estimate Margin of Error!!GROSS RENT AS A PERCENTAGE OF HOUSEHOLD INCOME (GRAPI)!!35.0 percent or more
DP04_0140MA,Annotation of Estimate Margin of Error!!GROSS RENT AS A PERCENTAGE OF HOUSEHOLD INCOME (GRAPI)!!35.0 percent or more
DP04_0140PE,Percent!!GROSS RENT AS A PERCENTAGE OF HOUSEHOLD INCOME (GRAPI)!!35.0 percent or more
DP04_0140PEA,Annotation of Percent!!GROSS RENT AS A PERCENTAGE OF HOUSEHOLD INCOME (GRAPI)!!35.0 percent or more
DP04_0140PM,Percent Margin of Error!!GROSS RENT AS A PERCENTAGE OF HOUSEHOLD INCOME (GRAPI)!!35.0 percent or more
DP04_0140PMA,Annotation of Percent Margin of Error!!GROSS RENT AS A PERCENTAGE OF HOUSEHOLD INCOME (GRAPI)!!35.0 percent or more
DP04_0141E,Estimate!!GROSS RENT AS A PERCENTAGE OF HOUSEHOLD INCOME (GRAPI)!!Not computed
DP04_0141EA,Annotation of Estimate!!GROSS RENT AS A PERCENTAGE OF HOUSEHOLD INCOME (GRAPI)!!Not computed
DP04_0141M,Estimate Margin of Error!!GROSS RENT AS A PERCENTAGE OF HOUSEHOLD INCOME (GRAPI)!!Not computed
DP04_0141MA,Annotation of Estimate Margin of Error!!GROSS RENT AS A PERCENTAGE OF HOUSEHOLD INCOME (GRAPI)!!Not computed
DP04_0141PE,Percent!!GROSS RENT AS A PERCENTAGE OF HOUSEHOLD INCOME (GRAPI)!!Not computed
DP04_0141PM,Percent Margin of Error!!GROSS RENT AS A PERCENTAGE OF HOUSEHOLD INCOME (GRAPI)!!Not computed
DP04_0141PMA,Annotation of Percent Margin of Error!!GROSS RENT AS A PERCENTAGE OF HOUSEHOLD INCOME (GRAPI)!!Not computed
DP04_0141PEA,Annotation of Percent!!GROSS RENT AS A PERCENTAGE OF HOUSEHOLD INCOME (GRAPI)!!Not computed