Alaska,ED 10,Donald Trump,REP,8081,True
Alaska,ED 10,Joe Biden,DEM,2727,False
Alaska,ED 10,Jo Jorgensen,LIB,286,False
Alaska,ED 10,Jesse Ventura,GRN,64,False
Alaska,ED 10, Write-ins,WRI,51,False
Alaska,ED 10,Don Blankenship,CST,22,False
Alaska,ED 10,Brock Pierce,IND,19,False
Alaska,ED 10,Rocky De La Fuente,ALI,6,False
Alaska,ED 11,Donald Trump,REP,7096,True
Alaska,ED 11,Joe Biden,DEM,3130,False
Alaska,ED 11,Jo Jorgensen,LIB,269,False
Alaska,ED 11,Jesse Ventura,GRN,88,False
Alaska,ED 11, Write-ins,WRI,58,False
Alaska,ED 11,Don Blankenship,CST,22,False
Alaska,ED 11,Brock Pierce,IND,17,False
Alaska,ED 11,Rocky De La Fuente,ALI,6,False
Alaska,ED 12,Donald Trump,REP,7893,True
Alaska,ED 12,Joe Biden,DEM,2957,False
Alaska,ED 12,Jo Jorgensen,LIB,288,False
Alaska,ED 12,Jesse Ventura,GRN,54,False
Alaska,ED 12, Write-ins,WRI,42,False
Alaska,ED 12,Don Blankenship,CST,28,False
Alaska,ED 12,Brock Pierce,IND,15,False
Alaska,ED 12,Rocky De La Fuente,ALI,3,False
Alaska,ED 13,Donald Trump,REP,4652,True
Alaska,ED 13,Joe Biden,DEM,2666,False
Alaska,ED 13,Jo Jorgensen,LIB,308,False
Alaska,ED 13, Write-ins,WRI,52,False
Alaska,ED 13,Jesse Ventura,GRN,40,False
Alaska,ED 13,Brock Pierce,IND,25,False
Alaska,ED 13,Don Blankenship,CST,16,False
Alaska,ED 13,Rocky De La Fuente,ALI,6,False
Alaska,ED 14,Donald Trump,REP,6714,True
Alaska,ED 14,Joe Biden,DEM,4261,False
Alaska,ED 14,Jo Jorgensen,LIB,356,False
Alaska,ED 14, Write-ins,WRI,91,False
Alaska,ED 14,Jesse Ventura,GRN,50,False
Alaska,ED 14,Don Blankenship,CST,46,False
Alaska,ED 14,Brock Pierce,IND,10,False
Alaska,ED 14,Rocky De La Fuente,ALI,6,False
Alaska,ED 15,Donald Trump,REP,2671,True
Alaska,ED 15,Joe Biden,DEM,2622,False
Alaska,ED 15,Jo Jorgensen,LIB,197,False
Alaska,ED 15,Jesse Ventura,GRN,36,False
Alaska,ED 15, Write-ins,WRI,34,False
Alaska,ED 15,Brock Pierce,IND,13,False
Alaska,ED 15,Don Blankenship,CST,10,False
Alaska,ED 15,Rocky De La Fuente,ALI,10,False
Alaska,ED 16,Joe Biden,DEM,4274,True
Alaska,ED 16,Donald Trump,REP,3516,False
Alaska,ED 16,Jo Jorgensen,LIB,210,False
Alaska,ED 16,Jesse Ventura,GRN,64,False
Alaska,ED 16, Write-ins,WRI,52,False
Alaska,ED 16,Don Blankenship,CST,27,False
Alaska,ED 16,Brock Pierce,IND,15,False
Alaska,ED 16,Rocky De La Fuente,ALI,12,False
Alaska,ED 17,Joe Biden,DEM,4136,True
Alaska,ED 17,Donald Trump,REP,2810,False
Alaska,ED 17,Jo Jorgensen,LIB,184,False
Alaska,ED 17,Jesse Ventura,GRN,64,False
Alaska,ED 17, Write-ins,WRI,32,False
Alaska,ED 17,Don Blankenship,CST,18,False
Alaska,ED 17,Brock Pierce,IND,18,False
Alaska,ED 17,Rocky De La Fuente,ALI,9,False
Alaska,ED 18,Joe Biden,DEM,4681,True
Alaska,ED 18,Donald Trump,REP,2760,False
Alaska,ED 18,Jo Jorgensen,LIB,157,False
Alaska,ED 18,Jesse Ventura,GRN,79,False
Alaska,ED 18, Write-ins,WRI,39,False
Alaska,ED 18,Don Blankenship,CST,24,False
Alaska,ED 18,Brock Pierce,IND,15,False
Alaska,ED 18,Rocky De La Fuente,ALI,4,False
Alaska,ED 19,Joe Biden,DEM,3118,True
Alaska,ED 19,Donald Trump,REP,1975,False
Alaska,ED 19,Jo Jorgensen,LIB,110,False
Alaska,ED 19,Jesse Ventura,GRN,52,False
Alaska,ED 19, Write-ins,WRI,37,False
Alaska,ED 19,Don Blankenship,CST,22,False
Alaska,ED 19,Rocky De La Fuente,ALI,13,False
Alaska,ED 19,Brock Pierce,IND,11,False
Alaska,ED 1,Donald Trump,REP,3511,True
Alaska,ED 1,Joe Biden,DEM,3477,False
Alaska,ED 1,Jo Jorgensen,LIB,216,False
Alaska,ED 1,Jesse Ventura,GRN,50,False
Alaska,ED 1, Write-ins,WRI,46,False
Alaska,ED 1,Don Blankenship,CST,34,False
Alaska,ED 1,Brock Pierce,IND,24,False
Alaska,ED 1,Rocky De La Fuente,ALI,2,False
Alaska,ED 20,Joe Biden,DEM,4881,True
Alaska,ED 20,Donald Trump,REP,2383,False
Alaska,ED 20,Jo Jorgensen,LIB,153,False
Alaska,ED 20,Jesse Ventura,GRN,53,False
Alaska,ED 20, Write-ins,WRI,47,False
Alaska,ED 20,Brock Pierce,IND,15,False
Alaska,ED 20,Don Blankenship,CST,8,False
Alaska,ED 20,Rocky De La Fuente,ALI,4,False
Alaska,ED 21,Joe Biden,DEM,5414,True
Alaska,ED 21,Donald Trump,REP,3690,False
Alaska,ED 21,Jo Jorgensen,LIB,203,False
Alaska,ED 21,Jesse Ventura,GRN,70,False
Alaska,ED 21, Write-ins,WRI,53,False
Alaska,ED 21,Don Blankenship,CST,29,False
Alaska,ED 21,Brock Pierce,IND,19,False
Alaska,ED 21,Rocky De La Fuente,ALI,4,False
Alaska,ED 22,Donald Trump,REP,4684,True
Alaska,ED 22,Joe Biden,DEM,4553,False
Alaska,ED 22,Jo Jorgensen,LIB,200,False
Alaska,ED 22, Write-ins,WRI,77,False
Alaska,ED 22,Jesse Ventura,GRN,46,False
Alaska,ED 22,Brock Pierce,IND,18,False
Alaska,ED 22,Don Blankenship,CST,16,False
Alaska,ED 22,Rocky De La Fuente,ALI,3,False
Alaska,ED 23,Joe Biden,DEM,3810,True
Alaska,ED 23,Donald Trump,REP,3655,False
Alaska,ED 23,Jo Jorgensen,LIB,170,False
Alaska,ED 23, Write-ins,WRI,57,False
Alaska,ED 23,Jesse Ventura,GRN,53,False
Alaska,ED 23,Don Blankenship,CST,22,False
Alaska,ED 23,Brock Pierce,IND,16,False
Alaska,ED 23,Rocky De La Fuente,ALI,13,False
Alaska,ED 24,Donald Trump,REP,5378,True
Alaska,ED 24,Joe Biden,DEM,4736,False
Alaska,ED 24,Jo Jorgensen,LIB,222,False
Alaska,ED 24, Write-ins,WRI,56,False
Alaska,ED 24,Jesse Ventura,GRN,46,False
Alaska,ED 24,Brock Pierce,IND,24,False
Alaska,ED 24,Don Blankenship,CST,15,False
Alaska,ED 24,Rocky De La Fuente,ALI,7,False
Alaska,ED 25,Joe Biden,DEM,4600,True
Alaska,ED 25,Donald Trump,REP,4407,False
Alaska,ED 25,Jo Jorgensen,LIB,201,False
Alaska,ED 25,Jesse Ventura,GRN,67,False
Alaska,ED 25, Write-ins,WRI,44,False
Alaska,ED 25,Don Blankenship,CST,21,False
Alaska,ED 25,Rocky De La Fuente,ALI,15,False
Alaska,ED 25,Brock Pierce,IND,14,False
Alaska,ED 26, Write-ins,WRI,10181,True
Alaska,ED 26,Donald Trump,REP,5243,False
Alaska,ED 26,Joe Biden,DEM,4558,False
Alaska,ED 26,Jo Jorgensen,LIB,207,False
Alaska,ED 26,Jesse Ventura,GRN,55,False
Alaska,ED 26,Don Blankenship,CST,23,False
Alaska,ED 26,Brock Pierce,IND,23,False
Alaska,ED 26,Rocky De La Fuente,ALI,2,False
Alaska,ED 27, Write-ins,WRI,9531,True
Alaska,ED 27,Joe Biden,DEM,4844,False
Alaska,ED 27,Donald Trump,REP,4324,False
Alaska,ED 27,Jo Jorgensen,LIB,228,False
Alaska,ED 27,Jesse Ventura,GRN,59,False
Alaska,ED 27,Brock Pierce,IND,24,False
Alaska,ED 27,Don Blankenship,CST,21,False
Alaska,ED 27,Rocky De La Fuente,ALI,6,False
Alaska,ED 28, Write-ins,WRI,12831,True
Alaska,ED 28,Joe Biden,DEM,6264,False
Alaska,ED 28,Donald Trump,REP,6162,False
Alaska,ED 28,Jo Jorgensen,LIB,219,False
Alaska,ED 28,Jesse Ventura,GRN,69,False
Alaska,ED 28,Don Blankenship,CST,16,False
Alaska,ED 28,Brock Pierce,IND,16,False
Alaska,ED 28,Rocky De La Fuente,ALI,3,False
Alaska,ED 29,Donald Trump,REP,7464,True
Alaska,ED 29,Joe Biden,DEM,2985,False
Alaska,ED 29,Jo Jorgensen,LIB,190,False
Alaska,ED 29,Jesse Ventura,GRN,69,False
Alaska,ED 29, Write-ins,WRI,37,False
Alaska,ED 29,Don Blankenship,CST,26,False
Alaska,ED 29,Brock Pierce,IND,10,False
Alaska,ED 29,Rocky De La Fuente,ALI,3,False
Alaska,ED 2,Donald Trump,REP,3674,True
Alaska,ED 2,Joe Biden,DEM,2104,False
Alaska,ED 2,Jo Jorgensen,LIB,287,False
Alaska,ED 2,Jesse Ventura,GRN,30,False
Alaska,ED 2, Write-ins,WRI,25,False
Alaska,ED 2,Don Blankenship,CST,18,False
Alaska,ED 2,Brock Pierce,IND,14,False
Alaska,ED 2,Rocky De La Fuente,ALI,9,False
Alaska,ED 30,Donald Trump,REP,7180,True
Alaska,ED 30,Joe Biden,DEM,2638,False
Alaska,ED 30,Jo Jorgensen,LIB,270,False
Alaska,ED 30, Write-ins,WRI,50,False
Alaska,ED 30,Jesse Ventura,GRN,42,False
Alaska,ED 30,Don Blankenship,CST,26,False
Alaska,ED 30,Brock Pierce,IND,17,False
Alaska,ED 30,Rocky De La Fuente,ALI,3,False
Alaska,ED 31,Donald Trump,REP,6971,True
Alaska,ED 31,Joe Biden,DEM,5037,False
Alaska,ED 31,Jo Jorgensen,LIB,250,False
Alaska,ED 31,Jesse Ventura,GRN,100,False
Alaska,ED 31, Write-ins,WRI,71,False
Alaska,ED 31,Don Blankenship,CST,27,False
Alaska,ED 31,Brock Pierce,IND,18,False
Alaska,ED 31,Rocky De La Fuente,ALI,7,False
Alaska,ED 32,Donald Trump,REP,4440,True
Alaska,ED 32,Joe Biden,DEM,3506,False
Alaska,ED 32,Jo Jorgensen,LIB,238,False
Alaska,ED 32,Jesse Ventura,GRN,105,False
Alaska,ED 32, Write-ins,WRI,26,False
Alaska,ED 32,Don Blankenship,CST,21,False
Alaska,ED 32,Brock Pierce,IND,21,False
Alaska,ED 32,Rocky De La Fuente,ALI,4,False
Alaska,ED 33,Joe Biden,DEM,7535,True
Alaska,ED 33,Donald Trump,REP,3059,False
Alaska,ED 33,Jo Jorgensen,LIB,197,False
Alaska,ED 33,Jesse Ventura,GRN,103,False
Alaska,ED 33, Write-ins,WRI,61,False
Alaska,ED 33,Don Blankenship,CST,27,False
Alaska,ED 33,Brock Pierce,IND,25,False
Alaska,ED 33,Rocky De La Fuente,ALI,9,False
Alaska,ED 34,Joe Biden,DEM,5763,True
Alaska,ED 34,Donald Trump,REP,4543,False
Alaska,ED 34,Jo Jorgensen,LIB,279,False
Alaska,ED 34,Jesse Ventura,GRN,68,False
Alaska,ED 34, Write-ins,WRI,65,False
Alaska,ED 34,Don Blankenship,CST,36,False
Alaska,ED 34,Brock Pierce,IND,34,False
Alaska,ED 34,Rocky De La Fuente,ALI,6,False
Alaska,ED 35,Joe Biden,DEM,5011,True
Alaska,ED 35,Donald Trump,REP,4769,False
Alaska,ED 35,Jo Jorgensen,LIB,170,False
Alaska,ED 35,Jesse Ventura,GRN,95,False
Alaska,ED 35, Write-ins,WRI,47,False
Alaska,ED 35,Don Blankenship,CST,35,False
Alaska,ED 35,Brock Pierce,IND,16,False
Alaska,ED 35,Rocky De La Fuente,ALI,6,False
Alaska,ED 36,Donald Trump,REP,5114,True
Alaska,ED 36,Joe Biden,DEM,3796,False
Alaska,ED 36,Jo Jorgensen,LIB,245,False
Alaska,ED 36,Jesse Ventura,GRN,79,False
Alaska,ED 36,Don Blankenship,CST,30,False
Alaska,ED 36,Brock Pierce,IND,20,False
Alaska,ED 36,Rocky De La Fuente,ALI,8,False
Alaska,ED 36, Write-ins,WRI,0,False
Alaska,ED 37,Joe Biden,DEM,2560,True
Alaska,ED 37,Donald Trump,REP,2358,False
Alaska,ED 37,Jo Jorgensen,LIB,86,False
Alaska,ED 37,Jesse Ventura,GRN,56,False
Alaska,ED 37,Don Blankenship,CST,51,False
Alaska,ED 37, Write-ins,WRI,26,False
Alaska,ED 37,Brock Pierce,IND,17,False
Alaska,ED 37,Rocky De La Fuente,ALI,14,False
Alaska,ED 38,Joe Biden,DEM,3202,True
Alaska,ED 38,Donald Trump,REP,1737,False
Alaska,ED 38,Jesse Ventura,GRN,112,False
Alaska,ED 38,Jo Jorgensen,LIB,105,False
Alaska,ED 38,Brock Pierce,IND,61,False
Alaska,ED 38,Don Blankenship,CST,52,False
Alaska,ED 38,Rocky De La Fuente,ALI,30,False
Alaska,ED 38, Write-ins,WRI,0,False
Alaska,ED 39,Joe Biden,DEM,3580,True
Alaska,ED 39,Donald Trump,REP,1939,False
Alaska,ED 39,Jo Jorgensen,LIB,123,False
Alaska,ED 39,Jesse Ventura,GRN,104,False
Alaska,ED 39,Don Blankenship,CST,80,False
Alaska,ED 39,Brock Pierce,IND,45,False
Alaska,ED 39, Write-ins,WRI,39,False
Alaska,ED 39,Rocky De La Fuente,ALI,20,False
Alaska,ED 3,Donald Trump,REP,6076,True
Alaska,ED 3,Joe Biden,DEM,1903,False
Alaska,ED 3,Jo Jorgensen,LIB,316,False
Alaska,ED 3,Jesse Ventura,GRN,42,False
Alaska,ED 3,Don Blankenship,CST,27,False
Alaska,ED 3,Brock Pierce,IND,13,False
Alaska,ED 3,Rocky De La Fuente,ALI,8,False
Alaska,ED 40,Joe Biden,DEM,2318,True
Alaska,ED 40,Donald Trump,REP,1994,False
Alaska,ED 40,Jo Jorgensen,LIB,94,False
Alaska,ED 40,Jesse Ventura,GRN,86,False
Alaska,ED 40,Don Blankenship,CST,47,False
Alaska,ED 40,Brock Pierce,IND,39,False
Alaska,ED 40,Rocky De La Fuente,ALI,25,False
Alaska,ED 40, Write-ins,WRI,25,False
Alaska,ED 4,Joe Biden,DEM,5345,True
Alaska,ED 4,Donald Trump,REP,4690,False
Alaska,ED 4,Jo Jorgensen,LIB,323,False
Alaska,ED 4,Jesse Ventura,GRN,93,False
Alaska,ED 4, Write-ins,WRI,76,False
Alaska,ED 4,Brock Pierce,IND,29,False
Alaska,ED 4,Don Blankenship,CST,27,False
Alaska,ED 4,Rocky De La Fuente,ALI,4,False
Alaska,ED 5,Joe Biden,DEM,4204,True
Alaska,ED 5,Donald Trump,REP,4077,False
Alaska,ED 5,Jo Jorgensen,LIB,259,False
Alaska,ED 5,Jesse Ventura,GRN,68,False
Alaska,ED 5, Write-ins,WRI,52,False
Alaska,ED 5,Don Blankenship,CST,21,False
Alaska,ED 5,Brock Pierce,IND,17,False
Alaska,ED 5,Rocky De La Fuente,ALI,8,False
Alaska,ED 6,Donald Trump,REP,5770,True
Alaska,ED 6,Joe Biden,DEM,3272,False
Alaska,ED 6,Jo Jorgensen,LIB,266,False
Alaska,ED 6,Jesse Ventura,GRN,83,False
Alaska,ED 6, Write-ins,WRI,58,False
Alaska,ED 6,Don Blankenship,CST,33,False
Alaska,ED 6,Brock Pierce,IND,31,False
Alaska,ED 6,Rocky De La Fuente,ALI,5,False
Alaska,ED 7,Donald Trump,REP,7027,True
Alaska,ED 7,Joe Biden,DEM,2215,False
Alaska,ED 7,Jo Jorgensen,LIB,272,False
Alaska,ED 7,Jesse Ventura,GRN,54,False
Alaska,ED 7, Write-ins,WRI,42,False
Alaska,ED 7,Don Blankenship,CST,36,False
Alaska,ED 7,Brock Pierce,IND,13,False
Alaska,ED 7,Rocky De La Fuente,ALI,5,False
Alaska,ED 8,Donald Trump,REP,7618,True
Alaska,ED 8,Joe Biden,DEM,1953,False
Alaska,ED 8,Jo Jorgensen,LIB,241,False
Alaska,ED 8,Jesse Ventura,GRN,48,False
Alaska,ED 8, Write-ins,WRI,45,False
Alaska,ED 8,Don Blankenship,CST,28,False
Alaska,ED 8,Brock Pierce,IND,18,False
Alaska,ED 8,Rocky De La Fuente,ALI,6,False
Alaska,ED 9,Donald Trump,REP,7787,True
Alaska,ED 9,Joe Biden,DEM,2769,False
Alaska,ED 9,Jo Jorgensen,LIB,301,False
Alaska,ED 9,Jesse Ventura,GRN,77,False
Alaska,ED 9, Write-ins,WRI,54,False
Alaska,ED 9,Don Blankenship,CST,39,False
Alaska,ED 9,Brock Pierce,IND,16,False
Alaska,ED 9,Rocky De La Fuente,ALI,4,False